organ,n_scored,mean_dice,mean_iou,n_accept,accept_rate,n_ok,n_low_dice,n_miss,n_false_positive
adrenal_gland_left,36,0.8621,0.7797,11,0.3056,35,1,0,0
adrenal_gland_right,36,0.8964,0.8309,13,0.3514,35,1,0,1
aorta,50,0.9681,0.9457,47,0.9400,50,0,0,0
atrial_appendage_left,37,0.9447,0.8966,24,0.6486,37,0,0,0
autochthon_left,49,0.9774,0.9559,49,1.0000,49,0,0,0
autochthon_right,49,0.9764,0.9540,49,1.0000,49,0,0,0
brachiocephalic_trunk,37,0.9439,0.8958,21,0.5676,37,0,0,0
brachiocephalic_vein_left,37,0.9281,0.8884,26,0.6842,36,1,0,1
brachiocephalic_vein_right,38,0.8967,0.8345,18,0.4737,37,1,0,0
brain,11,0.9576,0.9216,8,0.6154,11,0,1,1
clavicula_left,37,0.9828,0.9664,37,1.0000,37,0,0,0
clavicula_right,37,0.9748,0.9514,35,0.9459,37,0,0,0
colon,40,0.9189,0.8573,18,0.4500,40,0,0,0
common_carotid_artery_left,38,0.9445,0.8968,25,0.6579,38,0,0,0
common_carotid_artery_right,37,0.9137,0.8459,11,0.2973,37,0,0,0
costal_cartilages,49,0.9134,0.8448,8,0.1633,49,0,0,0
duodenum,33,0.8630,0.7735,6,0.1714,32,1,0,2
esophagus,49,0.9496,0.9053,34,0.6939,49,0,0,0
femur_left,23,0.9537,0.9358,22,0.9565,22,1,0,0
femur_right,22,0.9903,0.9808,22,1.0000,22,0,0,0
gallbladder,30,0.8845,0.8131,12,0.3871,29,1,1,0
gluteus_maximus_left,23,0.9679,0.9423,22,0.9565,23,0,0,0
gluteus_maximus_right,23,0.9790,0.9596,22,0.9565,23,0,0,0
gluteus_medius_left,23,0.9722,0.9464,21,0.9130,23,0,0,0
gluteus_medius_right,23,0.9755,0.9525,22,0.9167,23,0,0,1
gluteus_minimus_left,23,0.9585,0.9209,19,0.8261,23,0,0,0
gluteus_minimus_right,23,0.9679,0.9381,22,0.9565,23,0,0,0
heart,43,0.9621,0.9272,39,0.9070,43,0,0,0
hip_left,24,0.9858,0.9722,24,1.0000,24,0,0,0
hip_right,24,0.9895,0.9793,24,1.0000,24,0,0,0
humerus_left,32,0.9560,0.9206,25,0.7576,32,0,1,0
humerus_right,32,0.9768,0.9548,31,0.9394,32,0,1,0
iliac_artery_left,24,0.9381,0.8859,12,0.5000,24,0,0,0
iliac_artery_right,24,0.9302,0.8764,15,0.6250,24,0,0,0
iliac_vena_left,24,0.9447,0.8963,15,0.6250,24,0,0,0
iliac_vena_right,24,0.9260,0.8682,13,0.5417,24,0,0,0
iliopsoas_left,36,0.9521,0.9114,24,0.6486,36,0,1,0
iliopsoas_right,39,0.9407,0.8944,25,0.6250,39,0,0,1
inferior_vena_cava,46,0.9071,0.8471,21,0.4565,45,1,0,0
kidney_cyst_left,0,,,0,0.0000,0,0,0,2
kidney_cyst_right,0,,,0,0.0000,0,0,0,1
kidney_left,35,0.9681,0.9412,29,0.8056,35,0,0,1
kidney_right,35,0.9607,0.9301,29,0.8056,35,0,0,1
liver,44,0.9846,0.9700,43,0.9773,44,0,0,0
lung_lower_lobe_left,47,0.9492,0.9272,41,0.8542,45,2,0,1
lung_lower_lobe_right,45,0.9667,0.9504,42,0.9130,44,1,0,1
lung_middle_lobe_right,43,0.9613,0.9308,36,0.8372,43,0,0,0
lung_upper_lobe_left,49,0.9840,0.9697,45,0.9184,49,0,0,0
lung_upper_lobe_right,46,0.9530,0.9272,40,0.8511,45,1,0,1
pancreas,36,0.9111,0.8477,14,0.3784,36,0,0,1
portal_vein_and_splenic_vein,35,0.8412,0.7448,1,0.0263,34,1,1,2
prostate,13,0.8435,0.7536,0,0.0000,12,1,1,1
pulmonary_vein,39,0.9505,0.9068,27,0.6923,39,0,0,0
rib_left_1,38,0.9474,0.9028,27,0.7105,38,0,0,0
rib_left_10,40,0.9226,0.8877,31,0.7750,39,1,0,0
rib_left_11,39,0.9249,0.8894,31,0.7949,38,1,0,0
rib_left_12,36,0.9143,0.8558,23,0.6216,35,1,0,1
rib_left_2,38,0.9717,0.9455,35,0.9211,38,0,0,0
rib_left_3,38,0.9655,0.9348,34,0.8293,38,0,0,3
rib_left_4,39,0.9457,0.9113,33,0.8250,38,1,0,1
rib_left_5,39,0.9270,0.8931,31,0.7381,37,2,1,2
rib_left_6,41,0.8881,0.8486,31,0.7381,38,3,1,0
rib_left_7,40,0.8788,0.8386,32,0.8000,36,4,0,0
rib_left_8,41,0.8681,0.8268,29,0.7073,37,4,0,0
rib_left_9,40,0.8930,0.8477,29,0.7250,37,3,0,0
rib_right_1,37,0.9517,0.9089,26,0.6842,37,0,0,1
rib_right_10,39,0.8862,0.8533,30,0.7692,36,3,0,0
rib_right_11,39,0.8745,0.8423,29,0.7436,35,4,0,0
rib_right_12,37,0.9147,0.8788,31,0.8158,35,2,0,1
rib_right_2,38,0.9680,0.9401,35,0.9211,38,0,0,0
rib_right_3,38,0.9544,0.9194,33,0.8462,38,0,0,1
rib_right_4,36,0.9521,0.9188,31,0.8158,35,1,0,2
rib_right_5,37,0.9265,0.8808,27,0.6923,36,1,1,1
rib_right_6,39,0.9157,0.8693,27,0.6923,37,2,0,0
rib_right_7,39,0.9091,0.8648,29,0.7436,37,2,0,0
rib_right_8,39,0.8860,0.8416,26,0.6667,36,3,0,0
rib_right_9,39,0.8865,0.8462,28,0.7179,35,4,0,0
sacrum,23,0.9617,0.9270,21,0.9130,23,0,0,0
scapula_left,39,0.9678,0.9383,34,0.8500,39,0,1,0
scapula_right,39,0.9693,0.9412,36,0.9231,39,0,0,0
skull,21,0.9382,0.8934,16,0.7619,21,0,0,0
small_bowel,33,0.8775,0.8021,13,0.3939,32,1,0,0
spinal_cord,51,0.9606,0.9261,47,0.9038,51,0,0,1
spleen,42,0.9683,0.9422,38,0.9048,42,0,0,0
sternum,47,0.9331,0.8832,32,0.6809,47,0,0,0
stomach,42,0.9443,0.9034,31,0.7209,41,1,0,1
subclavian_artery_left,38,0.9300,0.8713,15,0.3947,38,0,0,0
subclavian_artery_right,37,0.9352,0.8801,16,0.4324,37,0,0,0
superior_vena_cava,39,0.9593,0.9228,32,0.8205,39,0,0,0
thyroid_gland,36,0.8775,0.8044,13,0.3611,35,1,0,0
trachea,41,0.9649,0.9376,39,0.9512,41,0,0,0
urinary_bladder,23,0.9150,0.8687,15,0.6250,22,1,0,1
vertebrae_C1,11,0.9062,0.8479,5,0.4545,11,0,0,0
vertebrae_C2,11,0.9550,0.9236,9,0.8182,11,0,0,0
vertebrae_C3,9,0.9785,0.9581,9,1.0000,9,0,0,0
vertebrae_C4,11,0.9703,0.9426,10,0.9091,11,0,0,0
vertebrae_C5,17,0.9321,0.8817,10,0.5263,17,0,1,1
vertebrae_C6,29,0.9435,0.8968,19,0.6333,29,0,1,0
vertebrae_C7,37,0.9573,0.9224,29,0.7838,37,0,0,0
vertebrae_L1,37,0.9637,0.9492,35,0.9459,36,1,0,0
vertebrae_L2,32,0.9181,0.8876,26,0.7879,31,1,0,1
vertebrae_L3,23,0.9428,0.9182,20,0.8696,22,1,0,0
vertebrae_L4,24,0.9493,0.9394,23,0.9583,23,1,0,0
vertebrae_L5,23,0.9867,0.9741,22,0.9565,23,0,0,0
vertebrae_S1,22,0.9500,0.9077,16,0.6957,22,0,1,0
vertebrae_T1,37,0.9612,0.9331,32,0.8649,37,0,0,0
vertebrae_T10,42,0.9869,0.9743,42,1.0000,42,0,0,0
vertebrae_T11,42,0.9825,0.9670,39,0.9286,42,0,0,0
vertebrae_T12,42,0.9721,0.9543,39,0.9286,41,1,0,0
vertebrae_T2,37,0.9440,0.9140,33,0.8919,36,1,0,0
vertebrae_T3,38,0.9035,0.8648,30,0.7895,36,2,0,0
vertebrae_T4,37,0.8770,0.8489,29,0.7632,33,4,1,0
vertebrae_T5,36,0.9076,0.8741,30,0.8108,33,3,0,1
vertebrae_T6,36,0.8898,0.8581,30,0.8333,32,4,0,0
vertebrae_T7,38,0.9416,0.9103,32,0.8421,36,2,0,0
vertebrae_T8,38,0.9630,0.9366,32,0.8205,38,0,1,0
vertebrae_T9,41,0.9761,0.9553,36,0.8780,41,0,0,0
