subject,organ,iou,fam,raw_lo,raw_hi,cqr_lo,cqr_hi,mondrian_lo,mondrian_hi,q50
s0299,colon,0.8754,digestive,0.8614988487396004,0.8532273351650698,0.8174131190275162,0.8973130648771539,0.8294979173605274,0.8852282665441428,0.8278352608363114
s0299,femur_right,0.9235,pelvic_bone,0.9553177244581407,0.934299208062167,0.9112319947460565,0.9783849377742512,0.8685328214144015,1.0,0.9013058513676379
s0299,gluteus_maximus_left,0.0,muscle,0.4554855782125831,0.7269724002328735,0.411399848500499,0.7710581299449576,0.4140485241201228,0.7684094543253338,0.5611432360430608
s0299,gluteus_maximus_right,0.8957,muscle,0.9044865173410557,0.9544829576646723,0.8604007876289715,0.9985686873767564,0.8630494632485953,0.9959200117571326,0.9280082468541407
s0299,gluteus_medius_right,0.729,muscle,0.8438286763932423,0.8688842898635931,0.7997429466811582,0.9129700195756772,0.802391622300782,0.9103213439560535,0.8140476241354877
s0299,gluteus_minimus_right,0.6141,muscle,0.7334762101003579,0.8339952609225412,0.6893904803882738,0.8780809906346253,0.6920391560078976,0.8754323150150015,0.8186966923646403
s0299,hip_left,0.8039,pelvic_bone,0.8137122868350622,0.8337098616968184,0.7696265571229781,0.8777955914089025,0.726927383791323,0.9204947647405576,0.8377402794569736
s0299,hip_right,0.8838,pelvic_bone,0.7804685038519861,0.891168535425767,0.7363827741399019,0.9352542651378511,0.6936836008082469,0.9779534384695062,0.8803822105815462
s0299,iliac_artery_right,0.7676,great_vessel,0.6725760294030897,0.7555079027210152,0.6284902996910056,0.7995936324330993,0.6126116549858617,0.8154722771382432,0.6673956311595324
s0299,iliac_vena_right,0.8303,great_vessel,0.7458750870261844,0.7830721066406319,0.7017893573141003,0.827157836352716,0.6859107126089564,0.8430364810578599,0.7626553336368753
s0299,iliopsoas_right,0.9099,muscle,0.8349725108511012,0.8712014725022432,0.7908867811390171,0.9152872022143274,0.7935354567586409,0.9126385265947036,0.8508059313722383
s0299,prostate,0.8993,reproductive,0.7921536763266198,0.8965225697509145,0.7480679466145357,0.9406082994629986,0.7480679466145357,0.9406082994629986,0.8754587197796606
s0299,sacrum,0.7852,pelvic_bone,0.8207724324928833,0.8322950042649201,0.7766867027807992,0.8763807339770042,0.7339875294491441,0.9190799073086593,0.8137395165816605
s0299,urinary_bladder,0.8754,urinary,0.8925651543154078,0.9088777187968302,0.8484794246033237,0.9529634485089143,0.8678311930399362,0.9336116800723019,0.913893078640528
s0302,brain,0.9695,neuro,0.9577366730971848,0.967718390851965,0.9136509433851007,1.0,0.9090153887768413,1.0,0.955689203474895
s0006,autochthon_left,0.7306,muscle,0.7693837041451996,0.9014825393362002,0.7331783912579652,0.9376878522234345,0.7478065164011654,0.9230597270802344,0.8062171191999373
s0006,autochthon_right,0.8824,muscle,0.7904124829256076,0.9124352691832623,0.7542071700383732,0.9486405820704967,0.7688352951815733,0.9340124569272966,0.8073465422516364
s0006,colon,0.6272,digestive,0.7909436602267138,0.8580522914089176,0.7547383473394794,0.894257604296152,0.7483160862221342,0.9006798654134972,0.7966122811577537
s0006,duodenum,0.7049,digestive,0.7745277687040928,0.8640196532411016,0.7383224558168584,0.900224966128336,0.7319001946995132,0.9066472272456813,0.8010622895515918
s0006,esophagus,0.6474,digestive,0.5440805796938278,0.7249084423993741,0.5078752668065935,0.7611137552866085,0.5014530056892482,0.7675360164039537,0.6881420723516876
s0006,femur_left,0.7695,pelvic_bone,0.45251894354556826,0.7992634398206699,0.4163136306583339,0.8354687527079043,0.36821935981184645,0.8835630235543918,0.6759482891585735
s0006,femur_right,0.8954,pelvic_bone,0.5895442696177319,0.8209768581701028,0.5533389567304975,0.8571821710573372,0.5052446858840101,0.9052764419038246,0.7123364058930808
s0006,gallbladder,0.7493,solid_abdominal,0.5692731503503099,0.8572291823248388,0.5330678374630755,0.8934344952120732,0.5100613786035009,0.9164409540716478,0.7877863416167965
s0006,gluteus_maximus_left,0.0,muscle,0.398168687100637,0.7610991411541005,0.36196337421340263,0.7973044540413349,0.37659149935660274,0.7826763288981348,0.6363645797186496
s0006,gluteus_minimus_left,0.0,muscle,0.060650567958259675,0.7027132935796745,0.02444525507102529,0.7389186064669089,0.0390733802142254,0.7242904813237088,0.6519524256969063
s0006,gluteus_minimus_right,0.0,muscle,0.03461025484020372,0.7240378502628639,0.0,0.7602431631500983,0.013033067096169443,0.7456150380068982,0.30686858606003764
s0006,heart,0.8067,heart,0.8678225986456842,0.9070198158367375,0.8316172857584498,0.9432251287239719,0.8316172857584498,0.9432251287239719,0.8574138737388157
s0006,hip_left,0.7812,pelvic_bone,0.7368198725964765,0.8608467082220344,0.7006145597092421,0.8970520211092687,0.6525202888627547,0.9451462919557562,0.8108190927806301
s0006,hip_right,0.8008,pelvic_bone,0.7635780796285739,0.8494712959356145,0.7273727667413395,0.8856766088228489,0.6792784958948521,0.9337708796693364,0.8366964997988757
s0006,humerus_left,0.5668,shoulder_bone,0.4930671546004516,0.8051149430404589,0.4568618417132172,0.8413202559276933,0.39473676302998084,0.9034453346109297,0.6923036495530037
s0006,humerus_right,0.6971,shoulder_bone,0.5940601581233971,0.7768922219149624,0.5578548452361627,0.8130975348021968,0.49572976655292633,0.8752226134854332,0.6697065873746825
s0006,iliac_artery_right,0.0,great_vessel,0.004787482649881285,0.8007089225970756,0.0,0.83691423548431,0.0,0.8260828434299782,0.023042916690687597
s0006,iliopsoas_left,0.8664,muscle,0.776899517623126,0.8571696493631298,0.7406942047358916,0.8933749622503642,0.7553223298790918,0.8787468371071641,0.8390984277449566
s0006,iliopsoas_right,0.8409,muscle,0.7426736046835664,0.8426246341952757,0.706468291796332,0.87882994708251,0.7210964169395321,0.8642018219393099,0.7983610269057745
s0006,intervertebral_discs,0.8358,vertebrae,0.7083157123291423,0.8456090044526143,0.6721103994419079,0.8818143173398487,0.6723768247574099,0.8815478920243467,0.79564649056382
s0006,kidney_left,0.7936,urinary,0.8558161001773029,0.9292509745428004,0.8196107872900685,0.9654562874300348,0.8519843496895877,0.9330827250305156,0.8658946986784036
s0006,kidney_right,0.7362,urinary,0.802899525332098,0.892588382860865,0.7666942124448636,0.9287936957480993,0.7990677748443827,0.8964201333485802,0.847997386599764
s0006,liver,0.8781,solid_abdominal,0.8969427712413275,0.9544293250579693,0.8607374583540931,0.9906346379452037,0.8377309994945185,1.0,0.9368415479477964
s0006,lung_left,0.9181,lung,0.926663536442192,0.9651197902682727,0.8904582235549576,1.0,0.7584446646886235,1.0,0.9541509742087791
s0006,lung_right,0.9251,lung,0.9517614201708797,0.9661566938827413,0.9155561072836453,1.0,0.7835425484173112,1.0,0.9543841982763814
s0006,sacrum,0.8334,pelvic_bone,0.7782428518052826,0.8824425600542101,0.7420375389180482,0.9186478729414445,0.6939432680715608,0.9667421437879319,0.8337609297794794
s0006,small_bowel,0.4148,digestive,0.7716777032268755,0.843557486796063,0.7354723903396411,0.8797627996832974,0.7290501292222958,0.8861850608006426,0.7326696651046243
s0006,spinal_cord,0.7673,neuro,0.7448258732398713,0.8583118577260499,0.7086205603526369,0.8945171706132843,0.7003780143330489,0.9027597166328722,0.8281395965855841
s0006,spleen,0.5019,solid_abdominal,0.6080163681122192,0.7976152070705953,0.5718110552249848,0.8338205199578297,0.5488045963654101,0.8568269788174043,0.6767138372948461
s0006,stomach,0.747,digestive,0.8571989744675014,0.8816232990630831,0.820993661580267,0.9178286119503175,0.8145714004629218,0.9242508730676627,0.864875250818015
s0006,urinary_bladder,0.7258,urinary,0.021271769883729832,0.815841462850754,0.0,0.8520467757379884,0.017440019396014608,0.8196732133384692,0.7280241321574359
s0006,vertebrae,0.8448,vertebrae,0.7900360942176264,0.8791857837333628,0.753830781330392,0.9153910966205971,0.7540972066458941,0.9151246713050951,0.8348476005463913
s0307,autochthon_left,0.7435,muscle,0.809013297153654,0.8737121464693601,0.7662168768117319,0.9165085668112822,0.7910662709852505,0.8916591726377636,0.7434061158346917
s0307,autochthon_right,0.8288,muscle,0.767295823279675,0.8803373884611579,0.724499402937753,0.92313380880308,0.7493487971112716,0.8982844146295614,0.7368024455971756
s0307,clavicula_left,0.0,shoulder_bone,2.9635523687975667e-19,0.7492908484625947,0.0,0.7920872688045169,0.0,0.8699453940142465,0.09371158078191831
s0307,colon,0.769,digestive,0.6453331203114033,0.8319386274418661,0.6025366999694812,0.8747350477837882,0.621461678143305,0.8558100696099644,0.7180650415816346
s0307,esophagus,0.7345,digestive,0.550990081850274,0.7591596027546269,0.5081936615083519,0.801956023096549,0.5271186396821756,0.7830310449227252,0.7063079542154623
s0307,femur_left,0.6809,pelvic_bone,0.49813320281122325,0.7772636528600037,0.45533678246930115,0.8200600732019258,0.44071715084568924,0.8346797048255377,0.6105659544024854
s0307,femur_right,0.7448,pelvic_bone,0.7275004120169367,0.8022543227205393,0.6847039916750146,0.8450507430624614,0.6700843600514027,0.8596703746860733,0.725842244547647
s0307,gallbladder,0.8394,solid_abdominal,0.7016638641559152,0.7966184600017877,0.6588674438139931,0.8394148803437098,0.6127473513174446,0.8855349728402583,0.7289697833977367
s0307,gluteus_maximus_left,0.6597,muscle,0.5952741705150905,0.8363379451235872,0.5524777501731684,0.8791343654655093,0.577327144346687,0.8542849712919907,0.7968121501462379
s0307,gluteus_maximus_right,0.6355,muscle,0.588965712564287,0.8431567878091417,0.5461692922223649,0.8859532081510638,0.5710186863958835,0.8611038139775452,0.7865213050188296
s0307,gluteus_medius_right,0.0,muscle,2.9635523687975667e-19,0.7600231809823217,0.0,0.8028196013242438,0.0,0.7779702071507252,0.13433451992815457
s0307,gluteus_minimus_right,0.0,muscle,0.6972843681861308,0.7839316347599268,0.6544879478442087,0.8267280551018489,0.6793373420177273,0.8018786609283303,0.7380241284861473
s0307,heart,0.875,heart,0.8564251808947182,0.8958616389788784,0.8136287605527961,0.9386580593208005,0.8136287605527961,0.9386580593208005,0.8967995995399274
s0307,hip_left,0.7934,pelvic_bone,0.7589512959955201,0.8278956717515821,0.716154875653598,0.8706920920935042,0.7015352440299861,0.8853117237171161,0.7933061563349225
s0307,hip_right,0.8257,pelvic_bone,0.7868031816748423,0.8261795029906941,0.7440067613329202,0.8689759233326162,0.7293871297093083,0.8835955549562281,0.7824201591046032
s0307,humerus_left,0.3719,shoulder_bone,0.7049756789175345,0.7852423437363232,0.6621792585756124,0.8280387640782453,0.5843211333658828,0.905896889287975,0.6610550507384453
s0307,humerus_right,0.6969,shoulder_bone,0.7838163023992885,0.799614043478509,0.7410198820573664,0.842410463820431,0.6631617568476367,0.9202685890301607,0.7599489530354461
s0307,iliac_vena_right,0.0,great_vessel,2.9635523687975667e-19,0.7817740505617529,0.0,0.824570470903675,0.0,0.8750044689142992,0.15064521269570275
s0307,iliopsoas_left,0.8711,muscle,0.8282131756907797,0.858690212235449,0.7854167553488576,0.901486632577371,0.8102661495223762,0.8766372384038524,0.8508017911716615
s0307,iliopsoas_right,0.8296,muscle,0.8013544963641415,0.8563944109825778,0.7585580760222194,0.8991908313245,0.783407470195738,0.8743414371509813,0.8446299805069927
s0307,intervertebral_discs,0.816,vertebrae,0.7468034596928949,0.8308273925031274,0.7040070393509728,0.8736238128450495,0.7150006255727042,0.8626302266233181,0.8170924068839742
s0307,kidney_left,0.8256,urinary,0.7744886281525138,0.8035174941416545,0.7316922078105917,0.8463139144835766,0.7495732995950237,0.8284328226991446,0.7716664893102029
s0307,liver,0.9165,solid_abdominal,0.8593534231957557,0.931733784801916,0.8165570028538336,0.9745302051438381,0.7704369103572851,1.0,0.8583269105725084
s0307,lung_left,0.9438,lung,0.909256614119663,0.9497055920339005,0.8664601937777409,0.9925020123758226,0.6809040923635785,1.0,0.9529862170777539
s0307,lung_right,0.9613,lung,0.9568093850831686,0.9493034879297176,0.9140129647412465,0.9920999082716397,0.7284568633270843,1.0,0.9550557376558433
s0307,portal_vein_and_splenic_vein,0.8689,great_vessel,0.7674668583536368,0.7747806215067399,0.7246704380117147,0.817577041848662,0.6742364400010905,0.8680110398592862,0.7390516087641233
s0307,sacrum,0.7949,pelvic_bone,0.5573317394992793,0.8276719453406586,0.5145353191573572,0.8704683656825807,0.49991568753374527,0.8850879973061926,0.7994306835440406
s0307,small_bowel,0.6401,digestive,0.6704239697254223,0.8208626729501998,0.6276275493835002,0.8636590932921219,0.646552527557324,0.8447341151182981,0.7437353575343235
s0307,spinal_cord,0.8679,neuro,0.7958545844396864,0.8881734075172271,0.7530581640977643,0.9309698278591492,0.746460207290814,0.9375677846660995,0.8175030313577497
s0307,spleen,0.9155,solid_abdominal,0.6753385821629375,0.872170547098951,0.6325421618210154,0.9149669674408731,0.5864220693244669,0.9610870599374216,0.7956350324379576
s0307,stomach,0.8009,digestive,0.8316975513547202,0.8483241976078411,0.7889011310127981,0.8911206179497632,0.8078261091866219,0.8721956397759394,0.8417211251034715
s0307,urinary_bladder,0.0,urinary,2.9635523687975667e-19,0.8171019536280792,0.0,0.8598983739700014,0.0,0.8420172821855694,0.12445296468472775
s0307,vertebrae,0.8713,vertebrae,0.8255660354888393,0.8729230406517063,0.7827696151469172,0.9157194609936284,0.7937632013686486,0.904725874771897,0.8475962901468034
s0007,adrenal_gland_left,0.7614,urinary,0.5804252630566059,0.8245339668646664,0.5500411835878155,0.8549180463334568,0.5536762381308044,0.851282991790468,0.7461971591619181
s0007,adrenal_gland_right,0.7925,urinary,2.605875389923214e-19,0.7994048791939973,0.0,0.8297889586627877,0.0,0.8261539041197988,0.19334515524936421
s0007,aorta,0.8988,great_vessel,0.831087076774601,0.8707744642722856,0.8007029973058106,0.901158543741076,0.7686025902485607,0.9332589507983259,0.8350981124782877
s0007,autochthon_left,0.9405,muscle,0.8778096153562804,0.9364680077070382,0.84742553588749,0.9668520871758286,0.7773148294731375,1.0,0.9296048694228063
s0007,autochthon_right,0.9352,muscle,0.8771182755863307,0.9286531907465496,0.8467341961175403,0.95903727021534,0.7766234897031877,1.0,0.9291786471793362
s0007,colon,0.8524,digestive,0.7006218009984254,0.8871519975438699,0.670237721529635,0.9175360770126603,0.6871738063444754,0.9005999921978198,0.8569496257111517
s0007,duodenum,0.7412,digestive,0.7920810971654404,0.8801704121967511,0.76169701769665,0.9105544916655415,0.7786331025114904,0.893618406850701,0.8338831823213744
s0007,esophagus,0.8027,digestive,0.5320448375187549,0.7718249974200604,0.5016607580499645,0.8022090768888508,0.5185968428648049,0.7852729920740104,0.6359861920627481
s0007,gallbladder,0.8352,solid_abdominal,0.7675438535322113,0.8524804870465298,0.7371597740634209,0.8828645665153202,0.7271034039185797,0.8929209366601614,0.8220972952815199
s0007,gluteus_medius_left,0.8696,muscle,0.5916117638604232,0.8439203918784479,0.5612276843916328,0.8743044713472383,0.49111697797728027,0.9444151777615909,0.7493558348492929
s0007,gluteus_medius_right,0.5988,muscle,0.46198070044443174,0.8173822661856429,0.43159662097564133,0.8477663456544333,0.36148591456128876,0.9178770520687859,0.1970950847221183
s0007,heart,0.9476,heart,0.5418454627232512,0.924082536441833,0.5114613832544608,0.9544666159106234,0.5153426511508662,0.950585348014218,0.9159168663745018
s0007,hip_left,0.6057,pelvic_bone,0.4568123724791594,0.808520514491562,0.426428293010369,0.8389045939603524,0.4330397906498251,0.8322930963208963,0.6483943372688115
s0007,hip_right,0.7459,pelvic_bone,0.505954804482322,0.8096291899814677,0.4755707250135316,0.8400132694502581,0.4821822226529877,0.833401771810802,0.6574343642892566
s0007,iliac_artery_left,0.7729,great_vessel,0.5608358988114032,0.8371703370902365,0.5304518193426128,0.8675544165590269,0.49835141228536284,0.8996548236162768,0.39548604557746786
s0007,iliac_artery_right,0.5865,great_vessel,2.605875389923214e-19,0.7850480643362805,0.0,0.8154321438050709,0.0,0.8475325508623208,0.2495602425262895
s0007,iliac_vena_left,0.701,great_vessel,2.605875389923214e-19,0.8087925716438608,0.0,0.8391766511126512,0.0,0.8712770581699011,0.07901740400241994
s0007,iliac_vena_right,0.8582,great_vessel,0.28003250367884763,0.812858988867444,0.24964842421005723,0.8432430683362344,0.2175480171528073,0.8753434753934843,0.14808644491040604
s0007,iliopsoas_left,0.8565,muscle,0.7861470710264665,0.8933617006913237,0.7557629915576761,0.9237457801601141,0.6856522851433235,0.9938564865744667,0.8961002232141959
s0007,iliopsoas_right,0.8567,muscle,0.8017131738340553,0.8944440335074282,0.7713290943652649,0.9248281129762186,0.7012183879509123,0.9949388193905712,0.8719178303566109
s0007,inferior_vena_cava,0.6253,great_vessel,0.7816699380825548,0.8704137450606589,0.7512858586137644,0.9007978245294493,0.7191854515565145,0.9328982315866993,0.8031323852857696
s0007,intervertebral_discs,0.803,vertebrae,0.8012936811722413,0.8983343630266813,0.7709096017034509,0.9287184424954718,0.7856648650996303,0.9139631790992924,0.8707446807611928
s0007,kidney_left,0.8637,urinary,0.7894987123514853,0.88595735921588,0.7591146328826949,0.9163414386846704,0.7627496874256837,0.9127063841416816,0.9014859620032661
s0007,kidney_right,0.8603,urinary,0.8226316065488126,0.9049090380921976,0.7922475270800222,0.935293117560988,0.7958825816230111,0.9316580630179991,0.9033347631594825
s0007,liver,0.948,solid_abdominal,0.858276099527378,0.9579963446727126,0.8278920200585876,0.988380424141503,0.8178356499137465,0.9984367942863441,0.9208111341212458
s0007,lung_left,0.9521,lung,0.8583483776422193,0.9450697503386755,0.8279642981734289,0.9754538298074659,0.8429284360909154,0.9604896918899793,0.9312685529629631
s0007,lung_right,0.9434,lung,0.8718119269614709,0.968259109465916,0.8414278474926805,0.9986431889347064,0.856391985410167,0.9836790510172199,0.9406823234890285
s0007,pancreas,0.8293,solid_abdominal,0.7532628945374512,0.8775603356957995,0.7228788150686608,0.9079444151645899,0.7128224449238196,0.9180007853094311,0.8686016538885685
s0007,portal_vein_and_splenic_vein,0.7346,great_vessel,0.44015320931387825,0.7733898440085537,0.40976912984508784,0.8037739234773441,0.3776687227878379,0.835874330534594,0.6137563113526212
s0007,small_bowel,0.893,digestive,0.7813029453091893,0.8928301493061495,0.7509188658403989,0.9232142287749399,0.7678549506552393,0.9062781439600994,0.8651057969941935
s0007,spinal_cord,0.8188,neuro,0.8044388588661062,0.887468501689043,0.7740547793973158,0.9178525811578334,0.7332655235428468,0.9586418370123024,0.8442842091724054
s0007,spleen,0.9168,solid_abdominal,0.808099269555874,0.9032820124348109,0.7777151900870836,0.9336660919036013,0.7676588199422424,0.9437224620484425,0.904871089776068
s0007,stomach,0.8883,digestive,0.8148590920114387,0.8833346211000553,0.7844750125426483,0.9137187005688457,0.8014110973574887,0.8967826157540053,0.8628172326719447
s0007,vertebrae,0.8468,vertebrae,0.8244283539669338,0.9133059414404754,0.7940442744981434,0.9436900209092658,0.8087995378943228,0.9289347575130864,0.8645071711394368
s0009,adrenal_gland_right,0.6812,urinary,2.9374707187933783e-19,0.7522175030044413,0.0,0.768713974669085,0.0001262215777110279,0.7520912814267303,0.06847696071529119
s0009,aorta,0.9251,great_vessel,0.867658208846457,0.8932493846455483,0.8511617371818133,0.9097458563101919,0.8511617371818133,0.9097458563101919,0.8199546176639245
s0009,autochthon_left,0.9415,muscle,0.8607903797635813,0.9455040084496634,0.8442939080989377,0.962000480114307,0.8279036242364927,0.9783907639767521,0.9199629569545953
s0009,autochthon_right,0.944,muscle,0.8936500114836768,0.9403241953636658,0.8771535398190332,0.9568206670283095,0.8607632559565882,0.9732109508907545,0.9396718640921614
s0009,colon,0.9007,digestive,0.7940013803154325,0.8819310341675665,0.7775049086507889,0.8984275058322101,0.7658711155798409,0.9100612989031581,0.8600845168692995
s0009,duodenum,0.7788,digestive,0.7366848032509227,0.8211531366064272,0.720188331586279,0.8376496082710708,0.708554538515331,0.8492834013420189,0.7533242905876635
s0009,esophagus,0.8847,digestive,0.9095977204280038,0.7870715111698122,0.8931012487633602,0.8035679828344559,0.8814674556924121,0.8152017759054039,0.8459913671639205
s0009,gallbladder,0.8686,solid_abdominal,0.7682628413125957,0.8059001886508821,0.7517663696479521,0.8223966603155257,0.7517029895057942,0.8224600404576836,0.7642530917890286
s0009,gluteus_medius_left,0.0,muscle,2.9374707187933783e-19,0.7654682603865394,0.0,0.781964732051183,0.0,0.798355015913628,0.07059347160181245
s0009,heart,0.9108,heart,0.6791291837093288,0.9237880508185439,0.6626327120446852,0.9402845224831875,0.6626327120446852,0.9402845224831875,0.7878519318554623
s0009,hip_left,0.8053,pelvic_bone,0.18418965661479159,0.7816944240781941,0.16769318495014796,0.7981908957428377,0.13812426317484483,0.8277598175181409,0.603557116515091
s0009,hip_right,0.7874,pelvic_bone,0.06619494517767259,0.7863175014021793,0.04969847351302896,0.8028139730668229,0.020129551737725834,0.832382894842126,0.5857283083576724
s0009,iliac_artery_left,0.8602,great_vessel,2.9374707187933783e-19,0.7822761879213758,0.0,0.7987726595860194,0.0,0.7987726595860194,0.2034860621705297
s0009,iliac_artery_right,0.7606,great_vessel,2.9374707187933783e-19,0.8033148442569036,0.0,0.8198113159215472,0.0,0.8198113159215472,0.0725754349915557
s0009,iliac_vena_left,0.0,great_vessel,2.9374707187933783e-19,0.812132249774959,0.0,0.8286287214396026,0.0,0.8286287214396026,0.07616165420809601
s0009,iliac_vena_right,0.8852,great_vessel,2.9374707187933783e-19,0.8155438123826798,0.0,0.8320402840473234,0.0,0.8320402840473234,0.0624898933739754
s0009,iliopsoas_left,0.916,muscle,0.8797276073517477,0.8961313157010782,0.8632311356871041,0.9126277873657218,0.8468408518246591,0.9290180712281668,0.8917839971731123
s0009,iliopsoas_right,0.9085,muscle,0.8062139567961594,0.904086815036752,0.7897174851315157,0.9205832867013957,0.7733272012690707,0.9369735705638407,0.8733184670092865
s0009,inferior_vena_cava,0.8116,great_vessel,0.772532439779602,0.8719125183949881,0.7560359681149583,0.8884089900596317,0.7560359681149583,0.8884089900596317,0.7911128232400703
s0009,intervertebral_discs,0.8862,vertebrae,0.7570086255975822,0.8437982705621134,0.7405121539329386,0.8602947422267571,0.7159300636539156,0.88487683250578,0.8078126679090738
s0009,kidney_left,0.8267,urinary,0.8888551793899343,0.9349339777842315,0.8723587077252907,0.9514304494488751,0.8889814009676453,0.9348077562065205,0.9158877735042186
s0009,kidney_right,0.866,urinary,0.9129242373181236,0.8944851452434903,0.8964277656534799,0.910981616908134,0.9130504588958346,0.8943589236657793,0.9125359891738647
s0009,liver,0.9349,solid_abdominal,0.8681232663952514,0.9524700793016769,0.8516267947306078,0.9689665509663206,0.8515634145884499,0.9690299311084785,0.9348322593104557
s0009,lung_left,0.9654,lung,0.8798162671206102,0.955758309757646,0.8633197954559666,0.9722547814222896,0.8206065776696666,1.0,0.936860562150537
s0009,lung_right,0.9436,lung,0.8391265095790125,0.9420766211212211,0.8226300379143688,0.9585730927858648,0.7799168201280688,1.0,0.9079860824979205
s0009,pancreas,0.6996,solid_abdominal,0.7855166212411302,0.8905539144775283,0.7690201495764866,0.9070503861421719,0.7689567694343287,0.9071137662843298,0.8246506494001185
s0009,portal_vein_and_splenic_vein,0.9012,great_vessel,0.7560915170213571,0.8357941607645706,0.7395950453567135,0.8522906324292142,0.7395950453567135,0.8522906324292142,0.732759524773459
s0009,small_bowel,0.686,digestive,0.6574215375881884,0.8163895195243392,0.6409250659235448,0.8328859911889829,0.6292912728525968,0.8445197842599309,0.7269308798897053
s0009,spinal_cord,0.8782,neuro,0.8248231523047075,0.8722842141217234,0.8083266806400639,0.888780685786367,0.8077143915990592,0.8893929748273717,0.8501408743151373
s0009,spleen,0.8148,solid_abdominal,0.8874795066468287,0.9197348485175465,0.8709830349821851,0.9362313201821901,0.8709196548400272,0.936294700324348,0.9197405548452853
s0009,stomach,0.8933,digestive,0.8519381665541732,0.8897439361523123,0.8354416948895296,0.9062404078169559,0.8238079018185815,0.917874200887904,0.90556342588484
s0009,vertebrae,0.9216,vertebrae,0.8378777194670957,0.8846335673563631,0.821381247802452,0.9011300390210067,0.7967991575234291,0.9257121293000297,0.8737422639479502
s0311,adrenal_gland_left,0.0,urinary,2.605875389923214e-19,0.762228842315714,0.0,0.7926129217845044,0.0,0.7889778672415155,0.17237576445908417
s0311,adrenal_gland_right,0.7349,urinary,0.5802566340508806,0.7937120141888963,0.5498725545820902,0.8240960936576867,0.553507609125079,0.8204610391146978,0.5539496381832646
s0311,aorta,0.6998,great_vessel,0.6190782056453016,0.789117140172957,0.5886941261765112,0.8195012196417474,0.5565937191192613,0.8516016266989973,0.6516877047222247
s0311,autochthon_left,0.9177,muscle,0.9004728410841256,0.9397592686793325,0.8700887616153352,0.9701433481481229,0.7999780552009826,1.0,0.9380889770095678
s0311,autochthon_right,0.9041,muscle,0.9287543606878493,0.9271431423346855,0.8983702812190589,0.9575272218034759,0.8282595748047064,1.0,0.9385873769878648
s0311,colon,0.7391,digestive,0.6202807599228762,0.8454772725737217,0.5898966804540858,0.8758613520425121,0.6068327652689263,0.8589252672276717,0.7857069794620769
s0311,duodenum,0.7792,digestive,0.7384597246643038,0.8622957344985906,0.7080756451955134,0.892679813967381,0.7250117300103538,0.8757437291525406,0.8731110067830933
s0311,gluteus_medius_left,0.6722,muscle,0.5974766402663421,0.7854506941751187,0.5670925607975517,0.8158347736439091,0.4969818543831991,0.8859454800582617,0.6473690168208385
s0311,hip_left,0.7774,pelvic_bone,0.6273653378314841,0.8208707734811144,0.5969812583626937,0.8512548529499048,0.6035927560021498,0.8446433553104487,0.6609218605986222
s0311,hip_right,0.6757,pelvic_bone,0.6729131394618633,0.7951187135796585,0.6425290599930729,0.8255027930484489,0.649140557632529,0.8188912954089927,0.6518725231259237
s0311,iliopsoas_left,0.8716,muscle,0.790187470991507,0.8763296675385732,0.7598033915227166,0.9067137470073636,0.689692685108364,0.9768244534217162,0.8670198684609554
s0311,iliopsoas_right,0.8774,muscle,0.810322360103663,0.898010282107734,0.7799382806348726,0.9283943615765244,0.70982757422052,0.998505067990877,0.8916501146224378
s0311,inferior_vena_cava,0.7061,great_vessel,0.812015396773462,0.874244617396864,0.7816313173046716,0.9046286968656544,0.7495309102474217,0.9367291039229043,0.8418213189418096
s0311,intervertebral_discs,0.8764,vertebrae,0.8073959485720201,0.8801670470394651,0.7770118691032297,0.9105511265082555,0.7917671324994091,0.8957958631120762,0.8424842903804342
s0311,kidney_left,0.928,urinary,0.8333367942628289,0.8991801060233976,0.8029527147940385,0.929564185492188,0.8065877693370274,0.9259291309491992,0.9020038854791718
s0311,kidney_right,0.92,urinary,0.8987074247391955,0.9037894854540381,0.8683233452704051,0.9341735649228285,0.871958399813394,0.9305385103798397,0.8885513401904214
s0311,liver,0.8715,solid_abdominal,0.8360581911271766,0.9379043217525769,0.8056741116583862,0.9682884012213673,0.795617741513545,0.9783447713662085,0.9170000338783258
s0311,lung_left,0.6781,lung,0.7529026441024831,0.8855336803741968,0.7225185646336927,0.9159177598429872,0.7374827025511792,0.9009536219255007,0.888021292854047
s0311,lung_right,0.5217,lung,0.6838025624278522,0.8256339161905374,0.6534184829590618,0.8560179956593278,0.6683826208765483,0.8410538577418413,0.7491263575452121
s0311,pancreas,0.7878,solid_abdominal,0.6441501388519395,0.8208373105700981,0.6137660593831491,0.8512213900388885,0.6037096892383079,0.8612777601837297,0.7894099200175586
s0311,small_bowel,0.83,digestive,0.7472647499929459,0.9081863773034484,0.7168806705241555,0.9385704567722388,0.7338167553389959,0.9216343719573984,0.8725299709439074
s0311,spinal_cord,0.8724,neuro,0.86129208668392,0.8956474725413663,0.8309080072151296,0.9260315520101567,0.7901187513606606,0.9668208078646258,0.89145673154987
s0311,spleen,0.8917,solid_abdominal,0.814040687418951,0.8698183976902338,0.7836566079501606,0.9002024771590242,0.7736002378053194,0.9102588473038654,0.8803879826763705
s0311,stomach,0.7469,digestive,0.560892492932594,0.7825514438035828,0.5305084134638036,0.8129355232723732,0.547444498278644,0.7959994384575327,0.6912973724451875
s0311,vertebrae,0.8861,vertebrae,0.7896336978326282,0.8896891859851811,0.7592496183638378,0.9200732654539715,0.7740048817600171,0.9053180020577921,0.8862371811098672
s0022,adrenal_gland_left,0.6986,urinary,0.2663312473917682,0.7159521356143503,0.2222455176796841,0.7600378653264345,0.24159728611629655,0.740686096889822,0.5803873227650302
s0022,aorta,0.8173,great_vessel,0.6030760628713107,0.7770931755379769,0.5589903331592265,0.821178905250061,0.5431116884540826,0.8370575499552049,0.7420952140368539
s0022,autochthon_left,0.8682,muscle,0.8449646471912237,0.9089189122491373,0.8008789174791395,0.9530046419612215,0.8035275930987633,0.9503559663415977,0.9021554869879631
s0022,autochthon_right,0.7511,muscle,0.8168345405899936,0.8939230815220034,0.7727488108779095,0.9380088112340875,0.7753974864975333,0.9353601356144637,0.8619722769652525
s0022,colon,0.7804,digestive,0.7085126313694986,0.8757533951067669,0.6644269016574145,0.919839124818851,0.6765116999904256,0.9077543264858399,0.8685672444298976
s0022,duodenum,0.75,digestive,2.949615609253348e-19,0.7193697051869229,0.0,0.763455434899007,0.0,0.7513706365659959,0.7215660586218307
s0022,esophagus,0.8139,digestive,0.6088458628379332,0.8039051214806414,0.564760133125849,0.8479908511927255,0.5768449314588602,0.8359060528597144,0.7547734956404283
s0022,femur_left,0.7504,pelvic_bone,0.6303741865899275,0.845636300504148,0.5862884568778434,0.8897220302162321,0.5435892835461883,0.9324212035478872,0.77850973863376
s0022,femur_right,0.725,pelvic_bone,0.6727565495083854,0.8420118960922743,0.6286708197963012,0.8860976258043585,0.5859716464646462,0.9287967991360135,0.7776339712461726
s0022,gluteus_maximus_left,0.6948,muscle,0.7845504480612627,0.8533821317528724,0.7404647183491786,0.8974678614649565,0.7431133939688024,0.8948191858453327,0.8334805628925744
s0022,gluteus_maximus_right,0.5041,muscle,0.7801961808962712,0.8448697128392583,0.736110451184187,0.8889554425513424,0.7387591268038108,0.8863067669317186,0.8379360006461444
s0022,gluteus_medius_left,0.8636,muscle,0.7774701903990148,0.8508575908089573,0.7333844606869306,0.8949433205210414,0.7360331363065544,0.8922946449014176,0.8059340227174261
s0022,gluteus_medius_right,0.8112,muscle,0.8002528848774316,0.8475218640338225,0.7561671551653475,0.8916075937459066,0.7588158307849713,0.8889589181262828,0.8241021626471584
s0022,gluteus_minimus_left,0.8183,muscle,0.7134634195993019,0.8118187486936217,0.6693776898872178,0.8559044784057058,0.6720263655068416,0.853255802786082,0.6868106775093618
s0022,gluteus_minimus_right,0.7547,muscle,0.6814493959528407,0.780267220102046,0.6373636662407566,0.8243529498141301,0.6400123418603804,0.8217042741945063,0.7266285751875924
s0022,heart,0.8492,heart,0.8302595272089602,0.8960987466620196,0.7861737974968761,0.9401844763741037,0.7861737974968761,0.9401844763741037,0.8694347035591597
s0022,hip_left,0.7158,pelvic_bone,0.7442876620549471,0.8347566756962242,0.700201932342863,0.8788424054083084,0.6575027590112079,0.9215415787399635,0.8091696466894825
s0022,hip_right,0.7392,pelvic_bone,0.8396725245726667,0.8442268041522798,0.7955867948605826,0.8883125338643639,0.7528876215289275,0.931011707196019,0.8122145734125895
s0022,humerus_left,0.6845,shoulder_bone,0.4820530959522988,0.7543628558488146,0.43796736624021465,0.7984485855608987,0.4153330745545672,0.8210828772465462,0.5935222587821833
s0022,humerus_right,0.5045,shoulder_bone,2.949615609253348e-19,0.7377952316334688,0.0,0.781880961345553,0.0,0.8045152530312004,0.05803396132827662
s0022,iliac_artery_left,0.8025,great_vessel,0.4702664878423264,0.7740113697223227,0.42618075813024225,0.8180970994344068,0.41030211342509837,0.8339757441395507,0.68666793014223
s0022,iliac_artery_right,0.8079,great_vessel,0.48452466343786194,0.8021772811521525,0.4404389337257778,0.8462630108642366,0.4245602890206339,0.8621416555693805,0.7033957513552421
s0022,iliac_vena_left,0.7524,great_vessel,0.6349414856657326,0.7854841741162847,0.5908557559536485,0.8295699038283688,0.5749771112485046,0.8454485485335127,0.7977695851109106
s0022,iliac_vena_right,0.7946,great_vessel,0.6428271541976922,0.796089044227744,0.5987414244856081,0.8401747739398281,0.5828627797804642,0.856053418644972,0.7992434598719872
s0022,iliopsoas_left,0.8785,muscle,0.794648116528737,0.8828191548017419,0.7505623868166529,0.926904884513826,0.7532110624362767,0.9242562088942022,0.8389816475985962
s0022,iliopsoas_right,0.8859,muscle,0.8336359674819523,0.8925440893750226,0.7895502377698682,0.9366298190871067,0.792198913389492,0.933981143467483,0.8552841990499891
s0022,inferior_vena_cava,0.709,great_vessel,0.5786515805255286,0.8165004606065434,0.5345658508134444,0.8605861903186275,0.5186872061083005,0.8764648350237714,0.779485724884778
s0022,intervertebral_discs,0.7967,vertebrae,0.6937095877838497,0.8341478699266376,0.6496238580717656,0.8782335996387217,0.6530143679316747,0.8748430897788126,0.8126759912695223
s0022,kidney_left,0.9151,urinary,0.856095161876042,0.8993391085779955,0.8120094321639578,0.9434248382900796,0.8313612006005703,0.9240730698534672,0.8782577772418978
s0022,liver,0.9355,solid_abdominal,0.9021709385771298,0.9270259175522528,0.8580852088650457,0.971111647264337,0.8735671535164465,0.9556297026129361,0.9203571597601762
s0022,lung_left,0.8842,lung,0.8991327385275553,0.9266212935230187,0.8550470088154711,0.9707070232351028,0.7066923980990674,1.0,0.9403377740546212
s0022,lung_right,0.9371,lung,0.9349852036507046,0.9301142510289846,0.8908994739386205,0.9741999807410687,0.7425448632222167,1.0,0.938199354700458
s0022,pancreas,0.592,solid_abdominal,0.6433156046732112,0.8092915873628339,0.5992298749611271,0.853377317074918,0.614711819612528,0.8378953724235172,0.8257098237753747
s0022,portal_vein_and_splenic_vein,0.7895,great_vessel,0.45496004942225365,0.7782006763425351,0.4108743197101695,0.8222864060546192,0.39499567500502564,0.8381650507597631,0.7073620349393999
s0022,sacrum,0.7689,pelvic_bone,0.7774217246072003,0.8491735613195831,0.7333359948951161,0.8932592910316672,0.6906368215634611,0.9359584643633223,0.7981211628214213
s0022,small_bowel,0.761,digestive,0.6521426143172069,0.8901192809931822,0.6080568846051227,0.9342050107052663,0.6201416829381339,0.9221202123722552,0.852815834125613
s0022,spinal_cord,0.7666,neuro,0.7555388575473541,0.7910522153379812,0.7114531278352699,0.8351379450500653,0.7068175732270106,0.8397734996583247,0.7284086195712748
s0022,spleen,0.8852,solid_abdominal,0.7853795680708313,0.8667046049659085,0.7412938383587472,0.9107903346779926,0.756775783010148,0.8953083900265918,0.8276146630115299
s0022,stomach,0.9045,digestive,0.8642752159198268,0.8768055190077256,0.8201894862077427,0.9208912487198098,0.8322742845407538,0.9088064503867986,0.8647882306574323
s0022,urinary_bladder,0.7518,urinary,0.694483999828279,0.8468189577074426,0.6503982701161949,0.8909046874195268,0.6697500385528073,0.8715529189829143,0.8555150379343223
s0022,vertebrae,0.8351,vertebrae,0.7507380877400591,0.8697790536162306,0.706652358027975,0.9138647833283148,0.7100428678878841,0.9104742734684057,0.8417262727193772
s0335,colon,0.7386,digestive,0.7015028108502226,0.844856614016749,0.6587063905083005,0.8876530343586712,0.6776313686821243,0.8687280561848474,0.7216802962719153
s0335,femur_left,0.7853,pelvic_bone,0.8215087221956012,0.8640330871573303,0.7787123018536791,0.9068295074992524,0.7640926702300672,0.9214491391228643,0.8157843526006299
s0335,femur_right,0.8697,pelvic_bone,0.889040446352084,0.9015052746754573,0.8462440260101619,0.9443016950173794,0.83162439438655,0.9589213266409913,0.8646157981635844
s0335,gluteus_maximus_left,0.7429,muscle,0.6937893136205854,0.7878935528718187,0.6509928932786633,0.8306899732137408,0.6758422874521819,0.8058405790402222,0.7604927784020918
s0335,gluteus_maximus_right,0.6488,muscle,0.656361298831743,0.7998305299023809,0.6135648784898209,0.842626950244303,0.6384142726633395,0.8177775560707844,0.5589766512059736
s0335,gluteus_medius_left,0.8255,muscle,0.7685867202944128,0.858591754923398,0.7257902999524907,0.9013881752653201,0.7506396941260093,0.8765387810918015,0.7974415153342351
s0335,gluteus_minimus_left,0.63,muscle,0.7569912393252245,0.7895562108795778,0.7141948189833024,0.8323526312214999,0.739044213156821,0.8075032370479813,0.7455977792323604
s0335,gluteus_minimus_right,0.0,muscle,0.3895748367471099,0.8164061216731991,0.3467784164051878,0.8592025420151213,0.3716278105787064,0.8343531478416026,0.20497878719546941
s0335,hip_left,0.7683,pelvic_bone,0.8067821124166573,0.8502763488927497,0.7639856920747352,0.8930727692346718,0.7493660604511233,0.9076924008582837,0.7744556413784345
s0335,hip_right,0.8009,pelvic_bone,0.8567958959909324,0.884946315258054,0.8139994756490103,0.9277427355999761,0.7993798440253984,0.942362367223588,0.7876123840471179
s0335,iliopsoas_left,0.7793,muscle,0.7720460597992455,0.8465010866629147,0.7292496394573234,0.8892975070048368,0.754099033630842,0.8644481128313182,0.8446959392893221
s0335,iliopsoas_right,0.6877,muscle,0.7445123840072758,0.8415251459615211,0.7017159636653537,0.8843215663034432,0.7265653578388723,0.8594721721299245,0.7587527263208467
s0335,sacrum,0.7796,pelvic_bone,0.6757051498351948,0.9058956630753481,0.6329087294932727,0.9486920834172702,0.6182890978696608,0.9633117150408821,0.7470727577422891
s0335,small_bowel,0.0285,digestive,0.5444213794227227,0.7579452069796784,0.5016249590808006,0.8007416273216005,0.5205499372546244,0.7818166491477767,0.6196693673942077
s0335,urinary_bladder,0.6915,urinary,0.7124398286999316,0.9084256198747517,0.6696434083580095,0.9512220402166738,0.6875245001424415,0.9333409484322418,0.8653470486769095
s0336,adrenal_gland_left,0.7037,urinary,0.38406987411599547,0.7098115544094328,0.33998414440391134,0.7538972841215169,0.3593359128405238,0.7345455156849044,0.7834298367956182
s0336,adrenal_gland_right,0.7208,urinary,0.4426799120587253,0.7596269766282612,0.3985941823466412,0.8037127063403453,0.41794595078325364,0.7843609379037328,0.7714359666747178
s0336,aorta,0.9142,great_vessel,0.8628951261006603,0.8579744074785678,0.8188093963885762,0.9020601371906519,0.8029307516834323,0.9179387818957958,0.9030652131971076
s0336,autochthon_left,0.9587,muscle,0.8659452408738368,0.9323470865872623,0.8218595111617527,0.9764328162993464,0.8245081867813765,0.9737841406797226,0.9311973482505032
s0336,autochthon_right,0.951,muscle,0.8785243519982711,0.9340600852199311,0.8344386222861869,0.9781458149320152,0.8370872979058107,0.9754971393123915,0.9349413700377673
s0336,colon,0.8617,digestive,0.8302162055528145,0.8670912268180325,0.7861304758407304,0.9111769565301167,0.7982152741737415,0.8990921581971055,0.8365736759100586
s0336,duodenum,0.8704,digestive,0.7087292913769022,0.8274644423072789,0.6646435616648181,0.871550172019363,0.6767283599978292,0.8594653736863519,0.8460741916945045
s0336,esophagus,0.8213,digestive,0.667958349651255,0.7756053348324343,0.6238726199391709,0.8196910645445185,0.635957418272182,0.8076062662115073,0.7822436244242978
s0336,gallbladder,0.0,solid_abdominal,2.949615609253348e-19,0.7848571174205347,0.0,0.8289428471326188,0.0,0.8134609024812179,0.12697811310831436
s0336,heart,0.9467,heart,0.8465354210440592,0.8980316284134737,0.8024496913319751,0.9421173581255579,0.8024496913319751,0.9421173581255579,0.8908272516191401
s0336,iliopsoas_left,0.9212,muscle,0.7729152180113764,0.8806903385942391,0.7288294882992923,0.9247760683063232,0.7314781639189161,0.9221273926866994,0.8208052855748695
s0336,iliopsoas_right,0.939,muscle,0.7971364223898868,0.9124857144123688,0.7530506926778027,0.9565714441244529,0.7556993682974265,0.9539227685048292,0.8443753826263722
s0336,inferior_vena_cava,0.8871,great_vessel,0.7936032858168376,0.8667696249676025,0.7495175561047535,0.9108553546796866,0.7336389113996096,0.9267339993848305,0.8953133411914808
s0336,intervertebral_discs,0.7511,vertebrae,0.6795861803827624,0.8569150816565363,0.6355004506706783,0.9010008113686204,0.6388909605305874,0.8976103015087114,0.8636228332757727
s0336,kidney_left,0.9226,urinary,0.8338707194041143,0.8979799057447232,0.7897849896920301,0.9420656354568073,0.8091367581286426,0.9227138670201949,0.8844730343008935
s0336,kidney_right,0.9104,urinary,0.8251333674559128,0.9016603943730107,0.7810476377438287,0.9457461240850948,0.8003994061804411,0.9263943556484824,0.8571822052186282
s0336,liver,0.9576,solid_abdominal,0.9378433819638142,0.938115588863269,0.8937576522517301,0.9822013185753531,0.9092395969031309,0.9667193739239522,0.9352468132353675
s0336,lung_left,0.9464,lung,0.8547441292564575,0.9270936098994809,0.8106583995443734,0.971179339611565,0.6623037888279696,1.0,0.9117924948442814
s0336,lung_right,0.9495,lung,0.8661902611858496,0.9268299702046873,0.8221045314737655,0.9709156999167714,0.6737499207573617,1.0,0.9215685578082828
s0336,pancreas,0.8487,solid_abdominal,0.7999273873158862,0.8631430407223426,0.7558416576038021,0.9072287704344267,0.7713236022552029,0.8917468257830259,0.8574836642342273
s0336,portal_vein_and_splenic_vein,0.8238,great_vessel,0.5321090493760371,0.8208585972260898,0.48802331966395296,0.8649443269381739,0.4721446749588091,0.8808229716433178,0.795696913044526
s0336,small_bowel,0.872,digestive,0.7987761102399459,0.9056691591875526,0.7546903805278617,0.9497548888996368,0.7667751788608729,0.9376700905666256,0.8729283289363087
s0336,spinal_cord,0.8686,neuro,0.7885904992605237,0.8308335608310873,0.7445047695484396,0.8749192905431714,0.7398692149401802,0.8795548451514308,0.8095177095406338
s0336,spleen,0.9209,solid_abdominal,0.8444651210898547,0.8823224405212367,0.8003793913777706,0.9264081702333208,0.8158613360291714,0.9109262255819199,0.8409493752429449
s0336,stomach,0.9124,digestive,0.8396216194988972,0.9140565513924119,0.7955358897868131,0.9581422811044961,0.8076206881198242,0.9460574827714849,0.8876569102875047
s0336,vertebrae,0.8318,vertebrae,0.7385115832161834,0.8865748439386558,0.6944258535040992,0.93066057365074,0.6978163633640083,0.9272700637908309,0.8732347998954068
s0343,autochthon_right,0.6139,muscle,0.38154692131387113,0.8622513390225355,0.3650504496492275,0.8787478106871791,0.3486601657867825,0.8951380945496241,0.7373785709460147
s0343,colon,0.7695,digestive,0.7677781153662887,0.8698004731827147,0.7512816437016451,0.8862969448473583,0.739647850630697,0.8979307379183064,0.7662636503123444
s0343,femur_left,0.651,pelvic_bone,0.7664633088537033,0.8728821479757749,0.7499668371890597,0.8893786196404185,0.7203979154137565,0.9189475414157217,0.773621665533825
s0343,femur_right,0.7659,pelvic_bone,0.7819709134445442,0.8873826385214653,0.7654744417799005,0.9038791101861089,0.7359055200045974,0.933448031961412,0.8238094283341062
s0343,gluteus_maximus_left,0.777,muscle,0.483584280333272,0.8743993399179406,0.46708780866862837,0.8908958115825842,0.45069752480618336,0.9072860954450293,0.8059273873015208
s0343,gluteus_medius_left,0.8333,muscle,0.8018192386504799,0.9037977918872063,0.7853227669858363,0.92029426355185,0.7689324831233912,0.936684547414295,0.8000638196196197
s0343,gluteus_medius_right,0.7958,muscle,0.8042086293379015,0.8862868873446227,0.7877121576732579,0.9027833590092663,0.7713218738108129,0.9191736428717113,0.841376612870561
s0343,gluteus_minimus_left,0.766,muscle,0.783560084959134,0.882871004542713,0.7670636132944904,0.8993674762073566,0.7506733294320453,0.9157577600698016,0.7876005645043259
s0343,hip_left,0.6897,pelvic_bone,0.6647653135074723,0.8722015764759684,0.6482688418428286,0.888698048140612,0.6186999200675255,0.9182669699159152,0.7582639331912966
s0343,hip_right,0.7112,pelvic_bone,0.6812405779048475,0.8612235813892642,0.6647441062402039,0.8777200530539079,0.6351751844649007,0.907288974829211,0.783364456225033
s0343,iliopsoas_left,0.8454,muscle,0.7449492427990407,0.915138101827597,0.7284527711343971,0.9316345734922407,0.7120624872719521,0.9480248573546857,0.8141652676368654
s0343,iliopsoas_right,0.7065,muscle,0.8234006958686713,0.8743677776228561,0.8069042242040276,0.8908642492874997,0.7905139403415826,0.9072545331499448,0.7985745522605688
s0343,intervertebral_discs,0.3919,vertebrae,0.46172948159126004,0.808874338819456,0.4452330099266164,0.8253708104840997,0.4206509196475935,0.8499529007631226,0.709106277752706
s0343,lung_left,0.0,lung,0.12432812886072428,0.7141747656353598,0.10783165719608065,0.7306712373000034,0.06511843940978065,0.7733844550863034,0.2592224916777783
s0343,sacrum,0.6286,pelvic_bone,0.7045210994267791,0.8349055357548302,0.6880246277621355,0.8514020074194738,0.6584557059868323,0.8809709291947769,0.7290288867644769
s0343,urinary_bladder,0.9394,urinary,0.8029556793062355,0.8899531212224243,0.7864592076415918,0.906449592887068,0.8030819008839465,0.8898268996447133,0.7745771648419303
s0343,vertebrae,0.6245,vertebrae,0.6621693025970393,0.8757735687920954,0.6456728309323957,0.8922700404567391,0.6210907406533728,0.916852130735762,0.7625193396036832
s0351,adrenal_gland_left,0.8136,urinary,0.7775862826934017,0.7822069641848466,0.7347898623514796,0.8250033845267687,0.7526709541359116,0.8071222927423367,0.7716938456351227
s0351,adrenal_gland_right,0.7875,urinary,2.9635523687975667e-19,0.7728822062468761,0.0,0.8156786265887982,0.0,0.7977975348043662,0.5290337603479843
s0351,aorta,0.9124,great_vessel,0.8463156223876362,0.8847070060042647,0.8035192020457141,0.9275034263461868,0.7530852040350899,0.977937424356811,0.8833988985470964
s0351,autochthon_left,0.9533,muscle,0.9191156394282601,0.9562913126043237,0.876319219086338,0.9990877329462458,0.9011686132598566,0.9742383387727271,0.9481056161211954
s0351,autochthon_right,0.949,muscle,0.9245325832324451,0.951414279154167,0.881736162890523,0.9942106994960891,0.9065855570640416,0.9693613053225705,0.9406359578025673
s0351,colon,0.8715,digestive,0.834077295382117,0.9099897864065599,0.7912808750401948,0.952786206748482,0.8102058532140186,0.9338612285746583,0.8720227517417666
s0351,duodenum,0.8494,digestive,0.8232579489405235,0.8480238279099394,0.7804615285986014,0.8908202482518615,0.7993865067724252,0.8718952700780377,0.824637006311049
s0351,esophagus,0.85,digestive,0.8675938844752988,0.8377953198697863,0.8247974641333767,0.8805917402117084,0.8437224423072005,0.8616667620378846,0.8326157227531372
s0351,heart,0.8979,heart,0.9132751588332891,0.9320217247830522,0.870478738491367,0.9748181451249743,0.870478738491367,0.9748181451249743,0.911910369047778
s0351,iliopsoas_left,0.894,muscle,0.8405224049883273,0.8997684909507437,0.7977259846464052,0.9425649112926658,0.8225753788199238,0.9177155171191472,0.9005550762377611
s0351,iliopsoas_right,0.9058,muscle,0.7293249793566081,0.8748768860035083,0.686528559014686,0.9176733063454304,0.7113779531882046,0.8928239121719118,0.85089494370434
s0351,inferior_vena_cava,0.9136,great_vessel,0.8503949019975674,0.9086583940520278,0.8075984816556453,0.9514548143939499,0.7571644836450211,1.0,0.8993352041665735
s0351,intervertebral_discs,0.8727,vertebrae,0.822528459726169,0.8484401497295498,0.7797320393842468,0.891236570071472,0.7907256256059783,0.8802429838497405,0.8668580546713991
s0351,kidney_left,0.925,urinary,0.8591929833394071,0.9157161402147563,0.816396562997485,0.9585125605566784,0.834277654781917,0.9406314687722465,0.9064893087843149
s0351,kidney_right,0.9268,urinary,0.87017936307691,0.9277318758906861,0.8273829427349879,0.9705282962326082,0.8452640345194199,0.9526472044481762,0.9210640769720693
s0351,liver,0.9599,solid_abdominal,0.9532413560499611,0.9605832188004552,0.910444935708039,1.0,0.8643248432114905,1.0,0.9491723285189965
s0351,lung_left,0.9681,lung,0.9668078295672092,0.9556634928799062,0.9240114092252871,0.9984599132218283,0.7384553078111249,1.0,0.9610624274126257
s0351,lung_right,0.97,lung,0.9781823682532624,0.9543172870943201,0.9353859479113403,0.9971137074362422,0.749829846497178,1.0,0.9511611887412119
s0351,pancreas,0.8447,solid_abdominal,0.8377173539477291,0.874412013844951,0.794920933605807,0.9172084341868731,0.7488008411092585,0.9633285266834216,0.8575556414166464
s0351,portal_vein_and_splenic_vein,0.8755,great_vessel,0.8211593671647326,0.8547026221975552,0.7783629468228105,0.8974990425394773,0.7279289488121863,0.9479330405501015,0.7764351583020577
s0351,scapula_left,0.0,shoulder_bone,0.30364364056427023,0.7147395904752352,0.26084722022234813,0.7575360108171573,0.18298909501261845,0.835394136026887,0.3909554649538665
s0351,scapula_right,0.3893,shoulder_bone,0.2667108936546315,0.726630939988334,0.22391447331270942,0.769427360330256,0.14605634810297974,0.8472854855399857,0.4533059075187092
s0351,small_bowel,0.8391,digestive,0.7800774205239314,0.9082437778284685,0.7372810001820093,0.9510401981703906,0.756205978355833,0.9321152199965669,0.8616484222714597
s0351,spinal_cord,0.8994,neuro,0.8340990554332728,0.9084245841125369,0.7913026350913507,0.951221004454459,0.7847046782844004,0.9578189612614093,0.9118230278153602
s0351,spleen,0.9334,solid_abdominal,0.9492533499594152,0.9548483278573779,0.9064569296174931,0.9976447481993,0.8603368371209447,1.0,0.9363693704118945
s0351,stomach,0.9012,digestive,0.9184145368263722,0.9092524345604917,0.8756181164844501,0.9520488549024138,0.8945430946582739,0.93312387672859,0.8914326565075842
s0351,vertebrae,0.9198,vertebrae,0.8111516870388538,0.9025643853075098,0.7683552666969317,0.9453608056494319,0.7793488529186631,0.9343672194277005,0.9158734786880441
s0034,adrenal_gland_left,0.8083,urinary,0.8612398276270872,0.7976443433301029,0.8184434072851651,0.840440763672025,0.836324499069597,0.822559671887593,0.8085760373377949
s0034,adrenal_gland_right,0.8346,urinary,0.7686801567971817,0.8044186715256483,0.7258837364552596,0.8472150918675704,0.7437648282396916,0.8293340000831384,0.8071769386077237
s0034,aorta,0.7867,great_vessel,0.747413731002038,0.8668676747988221,0.7046173106601159,0.9096640951407442,0.6541833126494917,0.9600980931513684,0.8374885297045451
s0034,autochthon_left,0.9336,muscle,0.8736336087147765,0.9356728574465417,0.8308371883728544,0.9784692777884638,0.855686582546373,0.9536198836149452,0.9472663868570004
s0034,autochthon_right,0.9314,muscle,0.878798591583753,0.9209836731321002,0.8360021712418308,0.9637800934740223,0.8608515654153495,0.9389306993005037,0.9326343635204467
s0034,colon,0.8648,digestive,0.802722691428461,0.8719801334971803,0.7599262710865389,0.9147765538391024,0.7788512492603626,0.8958515756652786,0.824590503835349
s0034,duodenum,0.8732,digestive,0.6690036459862806,0.8167540849815489,0.6262072256443585,0.859550505323471,0.6451322038181823,0.8406255271496472,0.7446697088052869
s0034,inferior_vena_cava,0.7979,great_vessel,0.7564855359097379,0.8777559632626183,0.7136891155678158,0.9205523836045404,0.6632551175571916,0.9709863816151646,0.8456762200438257
s0034,intervertebral_discs,0.7331,vertebrae,0.611249281035944,0.8337146232293358,0.5684528606940219,0.8765110435712579,0.5794464469157533,0.8655174573495265,0.786964594017011
s0034,kidney_left,0.8744,urinary,0.8830868666963652,0.9032607747660649,0.840290446354443,0.946057195107987,0.858171538138875,0.928176103323555,0.8984399189334162
s0034,kidney_right,0.8861,urinary,0.8702306169664921,0.9051727147951365,0.82743419662457,0.9479691351370586,0.8453152884090019,0.9300880433526266,0.8971019298745584
s0034,liver,0.9283,solid_abdominal,0.9393543190510085,0.9534211139031515,0.8965578987090864,0.9962175342450736,0.850437806212538,1.0,0.934345263840889
s0034,lung_left,0.8647,lung,0.5233542117926102,0.8792829717107292,0.4805577914506881,0.9220793920526513,0.2950016900365258,1.0,0.7369501257956402
s0034,lung_right,0.8235,lung,0.4044928829870159,0.832677991869096,0.3616964626450938,0.8754744122110181,0.17614036123093152,1.0,0.678562226713737
s0034,pancreas,0.0,solid_abdominal,0.177933187202491,0.7427982861727874,0.13513676686056889,0.7855947065147095,0.08901667436402042,0.831714799011258,0.20617467241468396
s0034,portal_vein_and_splenic_vein,0.7324,great_vessel,0.20838338832787145,0.7332748610256081,0.16558696798594935,0.7760712813675302,0.11515296997532515,0.8265052793781544,0.6377368458655202
s0034,small_bowel,0.6712,digestive,0.788903007965794,0.8332400533190322,0.7461065876238719,0.8760364736609543,0.7650315657976957,0.8571114954871305,0.7791979867315092
s0034,spinal_cord,0.807,neuro,0.7887950636080582,0.8274622494608698,0.7459986432661361,0.8702586698027919,0.7394006864591858,0.8768566266097422,0.829869754208671
s0034,spleen,0.8577,solid_abdominal,0.9020920225347755,0.9404039031252799,0.8592956021928534,0.983200323467202,0.8131755096963049,1.0,0.9246379012859152
s0034,stomach,0.5926,digestive,0.7601379075196798,0.7840789122300886,0.7173414871777577,0.8268753325720107,0.7362664653515815,0.807950354398187,0.7826624377501813
s0034,vertebrae,0.8893,vertebrae,0.7462949102373428,0.8724282198476098,0.7034984898954207,0.9152246401895319,0.7144920761171522,0.9042310539678005,0.8344653734595118
s0357,aorta,0.8826,great_vessel,0.8265759387964668,0.8860402907870979,0.8100794671318232,0.9025367624517415,0.8100794671318232,0.9025367624517415,0.8798481732973229
s0357,autochthon_left,0.9483,muscle,0.9283555729971192,0.9476791885501444,0.9118591013324756,0.9641756602147881,0.8954688174700306,0.9805659440772331,0.9412702054285284
s0357,autochthon_right,0.9447,muscle,0.9350579977351993,0.9468462773591408,0.9185615260705556,0.9633427490237845,0.9021712422081106,0.9797330328862295,0.9390480219310227
s0357,colon,0.8652,digestive,0.744861733550241,0.8935081432182117,0.7283652618855974,0.9100046148828553,0.7167314688146493,0.9216384079538034,0.8748628140992359
s0357,duodenum,0.7794,digestive,0.7454357953803065,0.87304549850769,0.7289393237156628,0.8895419701723336,0.7173055306447148,0.9011757632432816,0.8108186356598749
s0357,iliac_artery_right,0.0,great_vessel,2.9374707187933783e-19,0.8138438578273086,0.0,0.8303403294919522,0.0,0.8303403294919522,0.09519547019912014
s0357,iliopsoas_left,0.9226,muscle,0.914793565857485,0.9337536004613326,0.8982970941928413,0.9502500721259762,0.8819068103303963,0.9666403559884212,0.9294130159847018
s0357,iliopsoas_right,0.8894,muscle,0.8800616099855488,0.9301024308792272,0.8635651383209052,0.9465989025438708,0.8471748544584602,0.9629891864063158,0.936709337173593
s0357,inferior_vena_cava,0.9072,great_vessel,0.8386468370661686,0.910638454166547,0.822150365401525,0.9271349258311906,0.822150365401525,0.9271349258311906,0.8892208337070703
s0357,intervertebral_discs,0.8596,vertebrae,0.8099901628721753,0.8988471216662336,0.7934936912075317,0.9153435933308772,0.7689116009285087,0.9399256836099001,0.854591387337804
s0357,kidney_left,0.9382,urinary,0.9422357466814374,0.9400003802987154,0.9257392750167938,0.956496851963359,0.9423619682591484,0.9398741587210043,0.9438178838659985
s0357,kidney_right,0.9337,urinary,0.9327966587196058,0.9244025419365274,0.9163001870549622,0.940899013601171,0.9329228802973168,0.9242763203588164,0.9344842044165136
s0357,liver,0.9534,solid_abdominal,0.8515233266912722,0.948238011190728,0.8350268550266285,0.9647344828553717,0.8349634748844706,0.9647978629975296,0.9389852072348874
s0357,pancreas,0.8399,solid_abdominal,0.8398315800689736,0.9043931688389029,0.82333510840433,0.9208896405035465,0.8232717282621721,0.9209530206457044,0.8708406127497115
s0357,portal_vein_and_splenic_vein,0.8062,great_vessel,0.6104772482399173,0.8600288993263407,0.5939807765752737,0.8765253709909844,0.5939807765752737,0.8765253709909844,0.8207703893471953
s0357,small_bowel,0.8332,digestive,0.9180730654560822,0.9202208525206012,0.9015765937914386,0.9367173241852448,0.8899428007204906,0.9483511172561928,0.9209669623700285
s0357,spinal_cord,0.8806,neuro,0.8276999427248113,0.9014676143155793,0.8112034710601677,0.9179640859802229,0.810591182019163,0.9185763750212276,0.8859773431634141
s0357,spleen,0.9172,solid_abdominal,0.9006456940659399,0.9199849920422825,0.8841492224012962,0.9364814637069261,0.8840858422591383,0.936544843849084,0.9057911648350466
s0357,stomach,0.8756,digestive,0.8700793662041021,0.9034013301180169,0.8535828945394585,0.9198978017826606,0.8419491014685104,0.9315315948536086,0.8801423951467734
s0357,vertebrae,0.9029,vertebrae,0.8476157732213822,0.9164762481516002,0.8311193015567385,0.9329727198162439,0.8065372112777156,0.9575548100952668,0.8932948656077392
s0360,adrenal_gland_left,0.7997,urinary,0.8114701244456661,0.8162563897793724,0.7752648115584317,0.8524617026666068,0.8076383739579509,0.8200881402670877,0.8017525380489429
s0360,adrenal_gland_right,0.7157,urinary,0.5491710088955918,0.831173991916325,0.5129656960083574,0.8673793048035594,0.5453392584078766,0.8350057424040402,0.8080116802546078
s0360,aorta,0.904,great_vessel,0.9241018331857107,0.9049295766763014,0.8878965202984763,0.9411348895635357,0.8987279123528081,0.9303034975092039,0.8807179519575639
s0360,autochthon_left,0.9383,muscle,0.9188945008783631,0.935244225452877,0.8826891879911287,0.9714495383401114,0.8973173131343288,0.9568214131969113,0.9080321923521816
s0360,autochthon_right,0.9329,muscle,0.9307591438048094,0.9352092229465812,0.894553830917575,0.9714145358338155,0.9091819560607751,0.9567864106906154,0.9331768414113377
s0360,colon,0.8669,digestive,0.8426671514746114,0.8939160523573748,0.806461838587377,0.9301213652446092,0.8000395774700317,0.9365436263619544,0.8235217728956963
s0360,duodenum,0.8547,digestive,0.7477378604308207,0.8615085682604372,0.7115325475435863,0.8977138811476716,0.7051102864262411,0.9041361422650168,0.8162166342085537
s0360,esophagus,0.7309,digestive,0.43264364613937084,0.7935467819686688,0.39643833325213645,0.8297520948559032,0.3900160721347912,0.8361743559732484,0.6925711785246363
s0360,heart,0.9197,heart,0.9247431941451076,0.9393845013655117,0.8885378812578733,0.975589814252746,0.8885378812578733,0.975589814252746,0.9347140030600101
s0360,iliopsoas_left,0.8971,muscle,0.7703202755221552,0.8646197149147442,0.7341149626349208,0.9008250278019786,0.7487430877781209,0.8861969026587785,0.8108096663840322
s0360,iliopsoas_right,0.8682,muscle,0.7625566666191768,0.8661134015264043,0.7263513537319424,0.9023187144136386,0.7409794788751425,0.8876905892704385,0.8079897242739886
s0360,inferior_vena_cava,0.8072,great_vessel,0.8668045649790385,0.9059314071941728,0.8305992520918041,0.9421367200814071,0.8414306441461359,0.9313053280270753,0.856431551376063
s0360,intervertebral_discs,0.8038,vertebrae,0.8657490413792449,0.8891860787222798,0.8295437284920105,0.9253913916095142,0.8298101538075126,0.9251249662940122,0.8143805048753585
s0360,kidney_left,0.931,urinary,0.9538418825198539,0.9388565091650262,0.9176365696326195,0.9750618220522606,0.9500101320321387,0.9426882596527414,0.9339000026466661
s0360,kidney_right,0.9211,urinary,0.8527956285704728,0.9223788673182213,0.8165903156832384,0.9585841802054557,0.8489638780827575,0.9262106178059365,0.9171248776288519
s0360,liver,0.9564,solid_abdominal,0.9307449210845214,0.9645450827044607,0.8945396081972871,1.0,0.8715331493377124,1.0,0.9582818059299807
s0360,lung_left,0.9403,lung,0.9032834097834748,0.9386000077965583,0.8670780968962404,0.9748053206837927,0.7350645380299062,1.0,0.907940671916021
s0360,lung_right,0.9052,lung,0.9105360502509192,0.9328758216177162,0.8743307373636848,0.9690811345049506,0.7423171784973507,1.0,0.9122079669857698
s0360,pancreas,0.9144,solid_abdominal,0.9030870724958779,0.8984754193870448,0.8668817596086436,0.9346807322742792,0.8438753007490689,0.9576871911338538,0.8815206224793029
s0360,portal_vein_and_splenic_vein,0.8413,great_vessel,0.7492337873506664,0.8747123245177516,0.713028474463432,0.910917637404986,0.7238598665177638,0.9000862453506542,0.8275817948240098
s0360,small_bowel,0.8842,digestive,0.8066485437678352,0.9017575099391204,0.7704432308806008,0.9379628228263548,0.7640209697632556,0.9443850839437,0.8179883005807272
s0360,spinal_cord,0.8866,neuro,0.8410283493624822,0.8918460276073675,0.8048230364752478,0.9280513404946019,0.7965804904556598,0.9362938865141899,0.8622477827063224
s0360,spleen,0.9565,solid_abdominal,0.9292865286511448,0.9564098133526776,0.8930812157639104,0.992615126239912,0.8700747569043358,1.0,0.9434600039276447
s0360,stomach,0.8943,digestive,0.9206342354145419,0.9225494635100612,0.8844289225273075,0.9587547763972956,0.8780066614099623,0.9651770375146408,0.8975794546703553
s0360,vertebrae,0.8807,vertebrae,0.8982314113858553,0.920656660803025,0.8620260984986209,0.9568619736902594,0.8622925238141229,0.9565955483747574,0.8926382578423022
s0043,colon,0.2961,digestive,0.1280247566216734,0.7595511448964304,0.097640677152883,0.7899352243652208,0.11457676196772343,0.7729991395503804,0.6386931878572717
s0043,femur_right,0.9388,pelvic_bone,0.870431482179793,0.9348619910219491,0.8400474027110026,0.9652460704907395,0.8466589003504588,0.9586345728512834,0.901942849936243
s0043,gluteus_maximus_right,0.8389,muscle,0.905617995057944,0.9381719038600157,0.8752339155891536,0.9685559833288061,0.8051232091748011,1.0,0.9060661812183518
s0043,gluteus_medius_right,0.8803,muscle,0.9369157871479546,0.9308483806629547,0.9065317076791642,0.9612324601317451,0.8364210012648117,1.0,0.9162667788904919
s0043,gluteus_minimus_right,0.8703,muscle,0.896584230071669,0.8981353179784874,0.8662001506028786,0.9285193974472778,0.796089444188526,0.9986301038616304,0.8414792199325677
s0043,hip_right,0.8965,pelvic_bone,0.8100084134763917,0.9310346991060954,0.7796243340076013,0.9614187785748858,0.7862358316470575,0.9548072809354297,0.8734000170158516
s0043,iliac_artery_left,0.7377,great_vessel,0.6392065896509999,0.8021737598284288,0.6088225101822095,0.8325578392972192,0.5767221031249595,0.8646582463544691,0.7358964983993342
s0043,iliac_vena_left,0.7581,great_vessel,0.6966497637069772,0.8217335086028683,0.6662656842381868,0.8521175880716587,0.6341652771809368,0.8842179951289086,0.7763609257335395
s0043,iliopsoas_right,0.8894,muscle,0.7810070985334285,0.9154331507320184,0.7506230190646381,0.9458172302008088,0.6805123126502856,1.0,0.8618420838655765
s0043,prostate,0.8401,reproductive,0.7300375421289668,0.8854826695983675,0.6996534626601764,0.9158667490671579,0.6996534626601764,0.9158667490671579,0.8353988872075049
s0043,sacrum,0.0367,pelvic_bone,2.605875389923214e-19,0.765424458516233,0.0,0.7958085379850234,0.0,0.7891970403455673,0.35942129031938624
s0043,urinary_bladder,0.9218,urinary,0.8370817945376146,0.894911993615609,0.8066977150688242,0.9252960730843994,0.810332769611813,0.9216610185414106,0.858329991846635
s0047,colon,0.8189,digestive,0.7796533527585287,0.8697035243099285,0.7434480398712943,0.9059088371971629,0.737025778753949,0.9123310983145081,0.8224651954946103
s0047,femur_left,0.7555,pelvic_bone,0.8963163777404988,0.9001706868476597,0.8601110648532644,0.936375999734894,0.812016794006777,0.9844702705813815,0.8924489526823988
s0047,gluteus_maximus_left,0.4543,muscle,0.8932144813858025,0.9230417949182391,0.8570091684985681,0.9592471078054735,0.8716372936417682,0.9446189826622734,0.9141839856004697
s0047,gluteus_maximus_right,0.8303,muscle,0.9195318624381563,0.9334507381159464,0.8833265495509219,0.9696560510031808,0.897954674694122,0.9550279258599806,0.9155939544187562
s0047,hip_left,0.7181,pelvic_bone,0.7995401489967388,0.8730141731849835,0.7633348361095044,0.9092194860722179,0.7152405652630169,0.9573137569187053,0.8314412643901026
s0047,hip_right,0.6131,pelvic_bone,0.7375480418849871,0.8177725313678118,0.7013427289977527,0.8539778442550462,0.6532484581512653,0.9020721151015336,0.7298251898317968
s0047,iliac_artery_left,0.0,great_vessel,0.0,0.825777856603499,0.0,0.8619831694907334,0.0,0.8511517774364016,0.6890480016548173
s0047,iliopsoas_left,0.779,muscle,0.8553849785701966,0.8948378167490385,0.8191796656829622,0.9310431296362729,0.8338077908261623,0.9164150044930728,0.8914935732225326
s0047,lung_right,0.0,lung,0.2488106078311534,0.7464905644735673,0.21260529494391903,0.7826958773608017,0.08059173607758488,0.9147094362271359,0.5764589515220561
s0047,pancreas,0.0,solid_abdominal,0.6575762888143217,0.8478229136894215,0.6213709759270873,0.8840282265766559,0.5983645170675127,0.9070346854362306,0.7828671687647178
s0047,prostate,0.8619,reproductive,0.8710176645480182,0.908681322916819,0.8348123516607838,0.9448866358040534,0.8348123516607838,0.9448866358040534,0.9059324463286347
s0047,sacrum,0.0,pelvic_bone,0.5533548750423516,0.7866342433603435,0.5171495621551172,0.8228395562475779,0.4690552913086298,0.8709338270940653,0.7397219941151298
s0047,urinary_bladder,0.7424,urinary,0.7594671994586648,0.8466066821982692,0.7232618865714304,0.8828119950855036,0.7556354489709496,0.8504384326859844,0.8469114239070876
s0368,brain,0.9792,neuro,0.9345439775418648,0.9726700470191335,0.8904582478297807,1.0,0.8858226932215213,1.0,0.96527083419043
s0368,intervertebral_discs,0.5686,vertebrae,0.6458670809948727,0.8124568086126178,0.6017813512827885,0.856542538324702,0.6051718611426976,0.8531520284647929,0.772135551471552
s0368,spinal_cord,0.8016,neuro,0.8372655852354491,0.8670216337779698,0.793179855523365,0.911107363490054,0.7885443009151056,0.9157429180983133,0.8752779010889947
s0368,vertebrae,0.7242,vertebrae,0.8127680621685588,0.8606128977964054,0.7686823324564747,0.9046986275084895,0.7720728423163837,0.9013081176485804,0.8185540811889329
s0369,humerus_right,0.8321,shoulder_bone,0.8431765217205222,0.9038400194679035,0.8069712088332878,0.9400453323551379,0.7448461301500514,1.0,0.8797307926421702
s0378,brain,0.9488,neuro,0.8887465244848906,0.9485303187437797,0.8459501041429685,0.9913267390857018,0.8393521473360182,0.9979246958926521,0.9403637453991214
s0378,clavicula_left,0.7297,shoulder_bone,0.6947576443629164,0.8263545911197205,0.6519612240209943,0.8691510114616426,0.5741030988112646,0.9470091366713723,0.761831900515607
s0378,clavicula_right,0.7786,shoulder_bone,0.7110742279382194,0.8287085946399929,0.6682778075962973,0.871505014981915,0.5904196823865676,0.9493631401916447,0.7479839324687307
s0378,esophagus,0.6962,digestive,2.9635523687975667e-19,0.7626039298025817,0.0,0.8054003501445038,0.0,0.7864753719706801,0.5177130414675699
s0378,intervertebral_discs,0.505,vertebrae,0.6434366859686362,0.7933932658182359,0.6006402656267141,0.836189686160158,0.6116338518484455,0.8251960999384266,0.6339815777295166
s0378,lung_left,0.914,lung,0.6711063980881992,0.8784365622736249,0.6283099777462771,0.921232982615547,0.44275387633211477,1.0,0.7445000152838491
s0378,lung_right,0.8818,lung,0.6747825135424496,0.8734492243435117,0.6319860932005275,0.9162456446854338,0.44642999178636517,1.0,0.7372246884732401
s0378,scapula_right,0.7043,shoulder_bone,0.5481216494058505,0.8147740684455516,0.5053252290639284,0.8575704887874737,0.4274671038541987,0.9354286139972033,0.6418537674539835
s0378,spinal_cord,0.8194,neuro,0.7942886760035366,0.8720820135282191,0.7514922556616145,0.9148784338701412,0.7448942988546642,0.9214763906770915,0.7652937119305107
s0378,vertebrae,0.6622,vertebrae,0.7594986579751825,0.8222915285570648,0.7167022376332604,0.8650879488989869,0.7276958238549918,0.8540943626772555,0.7318525072435892
s0381,liver,0.8057,solid_abdominal,0.885798662869154,0.9273905473252245,0.8417129331570699,0.9714762770373087,0.8571948778084707,0.9559943323859078,0.8932728228823007
s0383,aorta,0.8031,great_vessel,0.6766559697804745,0.8551590618660484,0.6462718903116841,0.8855431413348388,0.6141714832544342,0.9176435483920887,0.8476395020786494
s0383,autochthon_left,0.0,muscle,2.605875389923214e-19,0.8180508947371339,0.0,0.8484349742059243,0.0,0.9185456806202769,0.32162466099303105
s0383,autochthon_right,0.626,muscle,0.6264410420478821,0.7628435157017144,0.5960569625790917,0.7932275951705048,0.5259462561647391,0.8633383015848574,0.730025646832591
s0383,esophagus,0.7124,digestive,0.729655591986681,0.8467393171945838,0.6992715125178905,0.8771233966633742,0.716207597332731,0.8601873118485338,0.7767180303049143
s0383,inferior_vena_cava,0.0,great_vessel,2.605875389923214e-19,0.793609420678175,0.0,0.8239935001469654,0.0,0.8560939072042153,0.0
s0383,intervertebral_discs,0.7826,vertebrae,0.6421979324379136,0.8525941119121837,0.6118138529691232,0.8829781913809741,0.6265691163653025,0.8682229279847947,0.7593717331207338
s0383,lung_right,0.8415,lung,0.91102823262603,0.9094268678640518,0.8806441531572397,0.9398109473328422,0.8956082910747262,0.9248468094153557,0.8660220774389324
s0383,spinal_cord,0.8753,neuro,0.7761150173742086,0.8979313131698412,0.7457309379054182,0.9283153926386316,0.7049416820509492,0.9691046484931006,0.8477461177786053
s0383,vertebrae,0.8749,vertebrae,0.6894357345219929,0.900096562353275,0.6590516550532025,0.9304806418220654,0.6738069184493819,0.915725378425886,0.8446046546442753
s0386,autochthon_left,0.0,muscle,0.5965845512954444,0.8158318527712173,0.56037923840821,0.8520371656584517,0.5750073635514101,0.8374090405152516,0.7327969043173632
s0386,autochthon_right,0.0,muscle,0.6549200998104469,0.8444002742349653,0.6187147869232125,0.8806055871221997,0.6333429120664126,0.8659774619789996,0.7677768365721866
s0386,intervertebral_discs,0.8097,vertebrae,0.7464004076871175,0.8471937886614271,0.7101950947998831,0.8833991015486615,0.7104615201153851,0.8831326762331595,0.7614631171573905
s0386,spinal_cord,0.8802,neuro,0.874773998423338,0.9127774509689708,0.8385686855361036,0.9489827638562052,0.8303261395165157,0.9572253098757931,0.886463962294634
s0386,vertebrae,0.8734,vertebrae,0.8443641729686511,0.8951026070492879,0.8081588600814167,0.9313079199365223,0.8084252853969187,0.9310414946210203,0.7992309302355161
s0391,femur_left,0.9492,pelvic_bone,0.8920500506728013,0.9424235522305869,0.8558447377855669,0.9786288651178213,0.8077504669390795,1.0,0.9308756018973425
s0401,autochthon_left,0.8623,muscle,0.8051249119747129,0.8678414563898278,0.7886284403100693,0.8843379280544714,0.7722381564476243,0.9007282119169164,0.8362385626232696
s0401,autochthon_right,0.8308,muscle,0.799524882825281,0.866733495765192,0.7830284111606374,0.8832299674298356,0.7666381272981924,0.8996202512922806,0.8240687891620858
s0401,clavicula_left,0.7836,shoulder_bone,0.3793760759570457,0.8455486889627807,0.36287960429240207,0.8620451606274243,0.3637062091093983,0.861218555810428,0.7363354049579
s0401,clavicula_right,0.8906,shoulder_bone,2.9374707187933783e-19,0.8215101842100937,0.0,0.8380066558747373,0.0,0.8371800510577411,0.3933518873719828
s0401,inferior_vena_cava,0.0,great_vessel,2.9374707187933783e-19,0.8046297640848413,0.0,0.821126235749485,0.0,0.821126235749485,0.011393396461801169
s0401,intervertebral_discs,0.7076,vertebrae,0.6797225660299656,0.8352030171524305,0.663226094365322,0.8516994888170741,0.6386440040862991,0.876281579096097,0.7788418886264767
s0401,spinal_cord,0.7787,neuro,0.8123182590412681,0.905951171832167,0.7958217873766245,0.9224476434968106,0.7952094983356198,0.9230599325378153,0.8914679237502202
s0401,vertebrae,0.8382,vertebrae,0.7282409706765305,0.8782556817532386,0.7117444990118869,0.8947521534178823,0.6871624087328639,0.9193342436969052,0.845207361189385
s0055,brain,0.976,neuro,0.870486392242993,0.9744421872591587,0.8539899205783493,0.9909386589238023,0.8533776315373447,0.9915509479648069,0.9589409078618756
s0055,intervertebral_discs,0.6226,vertebrae,0.283105462790029,0.7709509523737424,0.2666089911253854,0.7874474240383861,0.24202690084636247,0.812029514317409,0.7212794486056647
s0055,spinal_cord,0.8216,neuro,0.8287467744497903,0.8816204295641212,0.8122503027851466,0.8981169012287649,0.811638013744142,0.8987291902697695,0.859337842768621
s0055,vertebrae,0.8102,vertebrae,0.7461823003454239,0.8702076796252043,0.7296858286807802,0.8867041512898479,0.7051037384017573,0.9112862415688708,0.8222722024947162
s0058,clavicula_right,0.8171,shoulder_bone,0.6281823910965675,0.8364223777657492,0.5853859707546454,0.8792187981076713,0.5075278455449157,0.957076923317401,0.8118689530294153
s0058,humerus_right,0.9159,shoulder_bone,0.9322063446871784,0.932998657344783,0.8894099243452563,0.9757950776867051,0.8115517991355267,1.0,0.9053232728798001
s0058,scapula_right,0.7133,shoulder_bone,0.8360779350398972,0.8973773563991837,0.7932815146979751,0.9401737767411058,0.7154233894882455,1.0,0.840769119120099
s0408,autochthon_left,0.9388,muscle,0.8647972335555779,0.9029600757684323,0.8344131540867875,0.9333441552372227,0.7643024476724349,1.0,0.9199340102025442
s0408,autochthon_right,0.9152,muscle,0.8707467138703436,0.898318473345884,0.8403626344015532,0.9287025528146744,0.7702519279872007,0.998813259229027,0.8995913629622241
s0408,colon,0.8793,digestive,0.8180279906701845,0.8919365654467187,0.7876439112013941,0.9223206449155091,0.8045799960162345,0.9053845601006687,0.8847275392752999
s0408,femur_left,0.9291,pelvic_bone,0.8611323778003585,0.9071544594885371,0.830748298331568,0.9375385389573275,0.8373597959710242,0.9309270413178714,0.9068095054399229
s0408,femur_right,0.9056,pelvic_bone,0.8881338576063512,0.8988792539421441,0.8577497781375608,0.9292633334109345,0.8643612757770169,0.9226518357714784,0.8995958737354431
s0408,gluteus_maximus_left,0.9175,muscle,0.9081424299692854,0.9382461706872773,0.877758350500495,0.9686302501560677,0.8076476440861424,1.0,0.9322460469799587
s0408,gluteus_maximus_right,0.9129,muscle,0.9429881999804223,0.9340410667277246,0.9126041205116319,0.964425146196515,0.8424934140972793,1.0,0.9282825921146007
s0408,gluteus_medius_left,0.9392,muscle,0.8735466199957923,0.9120524537352618,0.8431625405270019,0.9424365332040522,0.7730518341126493,1.0,0.9190528458705004
s0408,gluteus_medius_right,0.9072,muscle,0.9249781199554116,0.9028082122055888,0.8945940404866212,0.9331922916743792,0.8244833340722686,1.0,0.9360388988627575
s0408,gluteus_minimus_left,0.8751,muscle,0.6946272832276795,0.8246251499637333,0.6642432037588891,0.8550092294325237,0.5941324973445365,0.9251199358468762,0.8175275574117831
s0408,gluteus_minimus_right,0.841,muscle,0.860036924977646,0.8830773826340065,0.8296528455088555,0.9134614621027969,0.759542139094503,0.9835721685171495,0.8413010497027101
s0408,hip_left,0.8743,pelvic_bone,0.7384846881517948,0.8964887914850825,0.7081006086830044,0.9268728709538729,0.7147121063224605,0.9202613733144168,0.8686214373606388
s0408,hip_right,0.8767,pelvic_bone,0.7726799393356355,0.8708550737543918,0.7422958598668451,0.9012391532231822,0.7489073575063012,0.894627655583726,0.8639995916275279
s0408,iliac_artery_left,0.7598,great_vessel,0.6060266369473395,0.782409447612141,0.5756425574785491,0.8127935270809314,0.5435421504212992,0.8448939341381814,0.6814938142769864
s0408,iliac_artery_right,0.7038,great_vessel,0.7187248980230433,0.7869990108646994,0.6883408185542529,0.8173830903334898,0.656240411497003,0.8494834973907397,0.7430122949703492
s0408,iliac_vena_left,0.6932,great_vessel,0.7031895975502087,0.7678201089944582,0.6728055180814183,0.7982041884632486,0.6407051110241684,0.8303045955204985,0.7047121348737426
s0408,iliac_vena_right,0.7696,great_vessel,0.7708398163974631,0.794973145792868,0.7404557369286727,0.8253572252616584,0.7083553298714228,0.8574576323189084,0.7555832972590245
s0408,iliopsoas_left,0.8874,muscle,0.7965145897152384,0.916086048616565,0.766130510246448,0.9464701280853554,0.6960198038320954,1.0,0.8790096442376759
s0408,iliopsoas_right,0.8944,muscle,0.840331788492543,0.907088796146416,0.8099477090237526,0.9374728756152064,0.7398370026094,1.0,0.8948581677437688
s0408,inferior_vena_cava,0.8345,great_vessel,0.16160976566342306,0.8127587993392423,0.13122568619463265,0.8431428788080327,0.09912527913738273,0.8752432858652827,0.7433363224473781
s0408,intervertebral_discs,0.8476,vertebrae,0.6613305754643581,0.8101839495423531,0.6309464959955677,0.8405680290111435,0.6457017593917471,0.8258127656149641,0.6546155731582769
s0408,sacrum,0.8465,pelvic_bone,0.7926586585032906,0.8728626867305168,0.7622745790345002,0.9032467661993072,0.7688860766739564,0.8966352685598511,0.8391205842104171
s0408,small_bowel,0.8345,digestive,0.7146587413791707,0.8788949338586461,0.6842746619103803,0.9092790133274365,0.7012107467252208,0.8923429285125961,0.8464615799478024
s0408,spinal_cord,0.8344,neuro,0.730597820687557,0.8029836680311575,0.7002137412187666,0.8333677474999479,0.6594244853642975,0.8741570033544169,0.8036018831106753
s0408,urinary_bladder,0.9185,urinary,0.8344968788608131,0.9088947091608124,0.8041127993920227,0.9392787886296028,0.8077478539350116,0.9356437340866139,0.8915766570467146
s0408,vertebrae,0.8822,vertebrae,0.571234904087778,0.8833080157780441,0.5408508246189876,0.9136920952468345,0.555606088015167,0.8989368318506551,0.8771782438936735
s0413,clavicula_left,0.8504,shoulder_bone,0.7729473553666654,0.8742548054731589,0.742563275897875,0.9046388849419493,0.7093339460983612,0.9378682147414631,0.8454070994442021
s0413,humerus_left,0.9327,shoulder_bone,0.7961833036788594,0.9359003666221585,0.765799224210069,0.9662844460909489,0.7325698944105552,0.9995137758904626,0.9045199681801734
s0413,scapula_left,0.8001,shoulder_bone,0.7623445093525673,0.8957070941532776,0.7319604298837769,0.926091173622068,0.6987311000842631,0.9593205034215818,0.7983037831237815
s0068,femur_right,0.8987,pelvic_bone,0.9035037536793477,0.9379326541960591,0.8607073333374256,0.9807290745379812,0.8460877017138136,0.9953487061615931,0.9291754189133542
s0421,autochthon_left,0.8033,muscle,0.7303448643703137,0.8125335018209664,0.6941395514830793,0.8487388147082008,0.7087676766262794,0.8341106895650007,0.6863247639827426
s0421,intervertebral_discs,0.7226,vertebrae,0.6958800902484511,0.8518653148526671,0.6596747773612167,0.8880706277399015,0.6599412026767187,0.8878042024243995,0.7468452896883138
s0421,spinal_cord,0.8731,neuro,0.7138671820068553,0.8758708495784203,0.6776618691196209,0.9120761624656547,0.6694193231000329,0.9203187084852427,0.8177267128671111
s0421,vertebrae,0.8631,vertebrae,0.8369131013179213,0.8884524014242113,0.8007077884306869,0.9246577143114457,0.8009742137461889,0.9243912889959437,0.8593383960040368
s0423,aorta,0.7984,great_vessel,0.5069831344459095,0.7881758946121734,0.4707778215586751,0.8243812074994078,0.4816092136130069,0.813549815445076,0.7292777995990689
s0423,autochthon_left,0.7382,muscle,0.7851244062447511,0.8868687806335415,0.7489190933575167,0.9230740935207759,0.7635472185007168,0.9084459683775757,0.7765852218067967
s0423,autochthon_right,0.8051,muscle,0.7842363275125037,0.8858824788547566,0.7480310146252693,0.922087791741991,0.7626591397684694,0.9074596665987908,0.8493970392994225
s0423,clavicula_left,0.7451,shoulder_bone,0.5776665285198997,0.7917994272375736,0.5414612156326654,0.828004740124808,0.479336136949429,0.8901298188080443,0.7272581092324238
s0423,clavicula_right,0.7026,shoulder_bone,0.5736086582509934,0.760286880561433,0.537403345363759,0.7964921934486674,0.47527826668052264,0.8586172721319038,0.7120931714146626
s0423,colon,0.7797,digestive,0.7436677866887066,0.8361947000133525,0.7074624738014722,0.8724000129005869,0.701040212684127,0.8788222740179321,0.7276081602881928
s0423,duodenum,0.8053,digestive,0.5765538612846016,0.8507535536715254,0.5403485483973672,0.8869588665587598,0.533926287280022,0.893381127676105,0.7728945326976727
s0423,esophagus,0.8514,digestive,0.5191420118445854,0.8313234749986625,0.48293669895735103,0.8675287878858969,0.4765144378400058,0.8739510490032422,0.8122052295250204
s0423,heart,0.9126,heart,0.8929564619859708,0.9270093682892772,0.8567511490987364,0.9632146811765115,0.8567511490987364,0.9632146811765115,0.8940782632285595
s0423,humerus_left,0.8814,shoulder_bone,0.7347882734086629,0.854533629714591,0.6985829605214285,0.8907389426018254,0.6364578818381922,0.9528640212850618,0.8216930632472994
s0423,humerus_right,0.8609,shoulder_bone,0.8066784497587927,0.8272393246669908,0.7704731368715583,0.8634446375542252,0.7083480581883219,0.9255697162374615,0.8054956326740645
s0423,iliopsoas_left,0.8828,muscle,0.7223013541123736,0.8270203534429287,0.6860960412251392,0.8632256663301631,0.7007241663683393,0.848597541186963,0.7948813700766544
s0423,iliopsoas_right,0.7998,muscle,0.798339339771387,0.8639632794295011,0.7621340268841527,0.9001685923167355,0.7767621520273528,0.8855404671735354,0.8233659805094391
s0423,inferior_vena_cava,0.6494,great_vessel,0.6053872797079206,0.8842271753450396,0.5691819668206862,0.920432488232274,0.580013358875018,0.9096010961779422,0.8498998710360955
s0423,intervertebral_discs,0.8412,vertebrae,0.6963914088332173,0.83441729560222,0.6601860959459829,0.8706226084894544,0.6604525212614849,0.8703561831739524,0.8109485240942854
s0423,kidney_left,0.789,urinary,0.8131559235492138,0.8602634232386346,0.7769506106619795,0.896468736125869,0.8093241730614986,0.8640951737263498,0.8397435603277674
s0423,kidney_right,0.845,urinary,0.8087263316201667,0.8637267826015788,0.7725210187329323,0.8999320954888131,0.8048945811324515,0.867558533089294,0.8479071118221354
s0423,liver,0.9243,solid_abdominal,0.8956080330189403,0.9473918456795695,0.8594027201317059,0.9835971585668039,0.8363962612721313,1.0,0.9223892447841207
s0423,lung_left,0.9365,lung,0.8894906421551311,0.9547848660298247,0.8532853292678967,0.9909901789170591,0.7212717704015625,1.0,0.9193164097728668
s0423,lung_right,0.9472,lung,0.9201339577833306,0.9596861277613545,0.8839286448960962,0.9958914406485889,0.7519150860297621,1.0,0.9510268985687474
s0423,scapula_left,0.75,shoulder_bone,0.7004286469176538,0.8013454393120047,0.6642233340304194,0.8375507521992391,0.6020982553471831,0.8996758308824755,0.705670967727737
s0423,scapula_right,0.7447,shoulder_bone,0.5870900028119487,0.7690940066054833,0.5508846899247143,0.8052993194927177,0.48875961124147793,0.8674243981759541,0.712811215510954
s0423,small_bowel,0.4334,digestive,0.6232703206823663,0.8016641537371516,0.5870650077951319,0.837869466624386,0.5806427466777867,0.8442917277417312,0.7388199763247016
s0423,spinal_cord,0.8286,neuro,0.820282808977389,0.8608114974763469,0.7840774960901546,0.8970168103635813,0.7758349500705667,0.9052593563831692,0.8583729748492019
s0423,spleen,0.8718,solid_abdominal,0.7920559133009719,0.8744146000675027,0.7558506004137375,0.9106199129547371,0.7328441415541629,0.9336263718143117,0.845834729758515
s0423,stomach,0.8221,digestive,0.7364209589721625,0.8397702139959314,0.7002156460849281,0.8759755268831658,0.6937933849675829,0.882397788000511,0.7628648462280297
s0423,vertebrae,0.8875,vertebrae,0.8288498911125202,0.8885096772883134,0.7926445782252858,0.9247149901755478,0.7929110035407878,0.9244485648600458,0.8912845937445216
s0070,brain,0.9695,neuro,0.9231148140376471,0.971717914319816,0.8927307345688567,1.0,0.8519414787143876,1.0,0.9634745761376592
s0429,aorta,0.8339,great_vessel,0.8452880543385985,0.85816347877303,0.8012023246265144,0.9022492084851141,0.7853236799213705,0.918127853190258,0.7797104851193231
s0429,colon,0.8037,digestive,0.8381382975318186,0.8765765212606459,0.7940525678197344,0.92066225097273,0.8061373661527456,0.9085774526397189,0.8508180206818862
s0429,esophagus,0.8489,digestive,0.7618257159471387,0.8068616346614619,0.7177399862350545,0.850947364373546,0.7298247845680657,0.8388625660405349,0.7338200794453382
s0429,heart,0.9254,heart,0.91656628676599,0.9438286230353745,0.8724805570539058,0.9879143527474586,0.8724805570539058,0.9879143527474586,0.9064218154812673
s0429,humerus_left,0.8671,shoulder_bone,0.8147039930281752,0.8692909464720786,0.7706182633160911,0.9133766761841627,0.7479839716304436,0.9360109678698102,0.7775878437830728
s0429,humerus_right,0.8405,shoulder_bone,0.7505280469462281,0.8354548069884938,0.706442317234144,0.879540536700578,0.6838080255484965,0.9021748283862254,0.7581616785506041
s0429,intervertebral_discs,0.7592,vertebrae,0.7586891874838443,0.8638712931423695,0.7146034577717602,0.9079570228544537,0.7179939676316692,0.9045665129945446,0.7698558744428954
s0429,kidney_left,0.6875,urinary,0.7328742867778579,0.8708127442872144,0.6887885570657738,0.9148984739992986,0.7081403255023863,0.8955467055626861,0.8348084648477611
s0429,liver,0.8912,solid_abdominal,0.9256368674058306,0.9626846334629968,0.8815511376937465,1.0,0.8970330823451473,0.9912884185236801,0.9507997957464847
s0429,lung_left,0.9508,lung,0.9461357855017251,0.963539180758361,0.9020500557896409,1.0,0.7536954450732372,1.0,0.9510952337814736
s0429,lung_right,0.9383,lung,0.9272043390301689,0.9618936729032967,0.8831186093180847,1.0,0.734763998601681,1.0,0.9418986881883058
s0429,scapula_left,0.5965,shoulder_bone,0.724624159557779,0.8287085472910016,0.6805384298456949,0.8727942770030858,0.6579041381600474,0.8954285686887332,0.7721417587801443
s0429,scapula_right,0.5926,shoulder_bone,0.7605924078616818,0.8339588296001149,0.7165066781495977,0.878044559312199,0.6938723864639502,0.9006788509978465,0.7590860771494968
s0429,spinal_cord,0.5954,neuro,0.726709184811286,0.8122791301247253,0.6826234550992019,0.8563648598368094,0.6779879004909425,0.8610004144450688,0.7168156236983135
s0429,spleen,0.8864,solid_abdominal,0.9130271326654297,0.9159694643096451,0.8689414029533455,0.9600551940217292,0.8844233476047464,0.9445732493703284,0.9171995049208654
s0429,stomach,0.9173,digestive,0.9010776831109931,0.9297291486301791,0.856991953398909,0.9738148783422632,0.8690767517319201,0.9617300800092521,0.9146187943775498
s0429,vertebrae,0.8671,vertebrae,0.7990403453156204,0.9074161711080693,0.7549546156035363,0.9515019008201534,0.7583451254634453,0.9481113909602443,0.8789290094485409
s0434,aorta,0.9152,great_vessel,0.8571419018041555,0.8781314280889947,0.8406454301395119,0.8946278997536383,0.8406454301395119,0.8946278997536383,0.8732000437459684
s0434,autochthon_left,0.9103,muscle,0.8233305604572593,0.8955554100873121,0.8068340887926156,0.9120518817519557,0.7904438049301706,0.9284421656144007,0.8507880513662277
s0434,autochthon_right,0.9246,muscle,0.7820096551721277,0.8941563197897204,0.7655131835074841,0.9106527914543641,0.7491228996450391,0.9270430753168091,0.8612399490210616
s0434,clavicula_left,0.6861,shoulder_bone,0.48732551605014124,0.7780463928065555,0.4708290443854976,0.7945428644711992,0.47165564920249387,0.7937162596542029,0.7002792190907567
s0434,clavicula_right,0.7157,shoulder_bone,0.45151445663826384,0.76714982487818,0.4350179849736202,0.7836462965428236,0.43584458979061647,0.7828196917258273,0.6555328364918308
s0434,colon,0.6781,digestive,0.4113506448645457,0.809041233111073,0.39485417319990207,0.8255377047757166,0.38322038012895404,0.8371714978466647,0.7123622640830198
s0434,duodenum,0.0,digestive,2.9374707187933783e-19,0.7930833266935614,0.0,0.809579798358205,0.0,0.8212135914291531,0.09514136216903517
s0434,esophagus,0.8165,digestive,0.8250868654527166,0.8403387055613941,0.808590393788073,0.8568351772260377,0.7969566007171249,0.8684689702969858,0.8262757686937133
s0434,gallbladder,0.7968,solid_abdominal,0.27934643441556145,0.8028208923613984,0.2628499627509178,0.819317364026042,0.2627865826087599,0.8193807441682,0.6284502215749075
s0434,heart,0.9267,heart,0.8327275754749188,0.9528237811299007,0.8162311038102752,0.9693202527945444,0.8162311038102752,0.9693202527945444,0.9066010503784422
s0434,humerus_left,0.9209,shoulder_bone,0.7803923175140003,0.8849437595835121,0.7638958458493567,0.9014402312481558,0.7647224506663529,0.9006136264311595,0.8318256410516947
s0434,humerus_right,0.8463,shoulder_bone,0.8493421948572066,0.8472882477991088,0.832845723192563,0.8637847194637525,0.8336723280095593,0.8629581146467562,0.7848574016621837
s0434,inferior_vena_cava,0.8391,great_vessel,0.8213862780908866,0.8587745280604847,0.804889806426243,0.8752709997251283,0.804889806426243,0.8752709997251283,0.8210368386163699
s0434,intervertebral_discs,0.8909,vertebrae,0.6800867003021132,0.8546085023256704,0.6635902286374695,0.8711049739903141,0.6390081383584466,0.895687064269337,0.8010436442475496
s0434,kidney_left,0.741,urinary,0.40700768030927414,0.8583150089432066,0.3905112086446305,0.8748114806078502,0.4071339018869852,0.8581887873654955,0.7970572485624506
s0434,kidney_right,0.7762,urinary,0.40296511269920715,0.8369757730027224,0.3864686410345635,0.853472244667366,0.4030913342769182,0.8368495514250114,0.6980186427717947
s0434,liver,0.946,solid_abdominal,0.8194608617826568,0.9499239941483983,0.8029643901180131,0.966420465813042,0.8029010099758552,0.9664838459551999,0.916911606356254
s0434,lung_left,0.9431,lung,0.9256110011205582,0.950078397642691,0.9091145294559145,0.9665748693073346,0.8664013116696145,1.0,0.9519157512643471
s0434,lung_right,0.9397,lung,0.9399021559994486,0.9492034835759187,0.923405684334805,0.9656999552405623,0.880692466548505,1.0,0.9485204349111434
s0434,pancreas,0.7176,solid_abdominal,0.3605935177944372,0.8041590816369732,0.3440970461297936,0.8206555533016169,0.3440336659876357,0.8207189334437748,0.7251636517729939
s0434,portal_vein_and_splenic_vein,0.0,great_vessel,2.9374707187933783e-19,0.7852486905728747,0.0,0.8017451622375183,0.0,0.8017451622375183,0.28646838982640127
s0434,scapula_left,0.636,shoulder_bone,0.7830641398235414,0.8364031370375054,0.7665676681588978,0.852899608702149,0.767394272975894,0.8520730038851527,0.7551726788221524
s0434,scapula_right,0.6659,shoulder_bone,0.7585491282630368,0.8114827317189679,0.7420526565983931,0.8279792033836115,0.7428792614153894,0.8271525985666153,0.7657752282333157
s0434,small_bowel,0.0,digestive,2.9374707187933783e-19,0.7661842434927887,0.0,0.7826807151574323,0.0,0.7943145082283803,0.1690944654622849
s0434,spinal_cord,0.8669,neuro,0.8423200560767948,0.8697606502043784,0.8258235844121512,0.8862571218690221,0.8252112953711466,0.8868694109100267,0.8726386089489417
s0434,spleen,0.9066,solid_abdominal,0.8285666090508612,0.9110903618177569,0.8120701373862176,0.9275868334824006,0.8120067572440597,0.9276502136245585,0.8577733493204793
s0434,stomach,0.8496,digestive,0.7724824974894726,0.8561909151319514,0.755986025824829,0.8726873867965951,0.744352232753881,0.8843211798675431,0.8500133696942396
s0434,vertebrae,0.9128,vertebrae,0.7385970320679734,0.8839287116725212,0.7221005604033298,0.9004251833371648,0.6975184701243069,0.9250072736161877,0.8259307844803102
s0074,intervertebral_discs,0.7981,vertebrae,0.770547143958846,0.8799337617121885,0.7264614142467619,0.9240194914242726,0.729851924106671,0.9206289815643636,0.7735113500603504
s0074,lung_left,0.8748,lung,0.9437927641441859,0.9663772340217675,0.8997070344321018,1.0,0.751352423715698,1.0,0.9541828315877959
s0074,lung_right,0.9133,lung,0.9143054949178009,0.9681190861809731,0.8702197652057168,1.0,0.721865154489313,1.0,0.9436771770785776
s0074,spinal_cord,0.0,neuro,0.5408335362392425,0.7798618991999788,0.49674780652715833,0.823947628912063,0.49211225191889896,0.8285831835203223,0.5341982928913895
s0074,vertebrae,0.8863,vertebrae,0.9143964822534042,0.9326403997952006,0.8703107525413201,0.9767261295072848,0.8737012624012291,0.9733356196473757,0.9069408687064207
s0440,femur_right,0.9368,pelvic_bone,0.8871273202193406,0.9174151222603271,0.8430415905072565,0.9615008519724112,0.8003424171756014,1.0,0.9063441216696819
s0442,femur_right,0.9309,pelvic_bone,0.8791322559811984,0.940865231526589,0.842926943093964,0.9770705444138233,0.7948326722474766,1.0,0.9127965887584868
