subject,organ,iou,pred_iou_HistGB,pred_iou_RandomForest
s0316,adrenal_gland_left,0.4225,0.6263560500872819,0.5920313536315531
s0316,adrenal_gland_right,0.7915,0.5249621660366702,0.545974911243386
s0316,aorta,0.8459,0.7677994382152633,0.7232122313492065
s0316,autochthon_left,0.9065,0.914318153439623,0.9246837750000009
s0316,autochthon_right,0.8492,0.8619278674918779,0.8908178809523806
s0316,colon,0.583,0.4812904644430979,0.5628067742063491
s0316,duodenum,0.7838,0.7355005778503247,0.6874858654761905
s0316,esophagus,0.7201,0.6012650181338608,0.42561731028138544
s0316,gallbladder,0.0,0.0,0.051044756481481525
s0316,gluteus_medius_left,0.2542,0.7276774584438712,0.7360761722222222
s0316,gluteus_medius_right,0.1145,0.3251937634645647,0.2744696108465609
s0316,gluteus_minimus_right,0.1169,0.40946192729865877,0.44117620357142895
s0316,heart,0.8022,0.8368948975336649,0.843362903174603
s0316,hip_left,0.5888,0.82184810335162,0.7988910142857146
s0316,hip_right,0.6442,0.8423865343596358,0.812787760846561
s0316,iliac_artery_left,0.6371,0.5723836435900828,0.4488347741702743
s0316,iliac_artery_right,0.662,0.43766175897383164,0.4795935996031746
s0316,iliac_vena_left,0.0,0.06718260816874232,0.0651893222222222
s0316,iliac_vena_right,0.3625,0.3494290686634407,0.21287400462962966
s0316,iliopsoas_left,0.8199,0.8711386847955438,0.8664930571428575
s0316,iliopsoas_right,0.774,0.954056011474875,0.8777102115079367
s0316,inferior_vena_cava,0.852,0.797453793162026,0.7689214683862439
s0316,intervertebral_discs,0.7281,0.8100641034561179,0.7556752601851845
s0316,kidney_left,0.9084,0.8569810623760132,0.8826069469576722
s0316,kidney_right,0.3709,0.8828305282839255,0.8466399500000008
s0316,liver,0.8384,0.8424914385035865,0.8983244476190474
s0316,lung_left,0.9289,0.9362243609787498,0.9478981297619049
s0316,lung_right,0.9256,0.9235327697628,0.9350985154761906
s0316,pancreas,0.5585,0.6663620938086913,0.6899295014550265
s0316,portal_vein_and_splenic_vein,0.6446,0.5559362197592941,0.5690310552910052
s0316,sacrum,0.7512,0.7701197222916104,0.7678186373015872
s0316,small_bowel,0.7881,0.5738273122451049,0.6539380730158726
s0316,spinal_cord,0.8043,0.8184841526922157,0.7994945781746036
s0316,spleen,0.8617,0.8365989627600746,0.8956100678571437
s0316,stomach,0.8425,0.6696040561120779,0.7284221960317461
s0316,urinary_bladder,0.0997,0.30018642213289215,0.42293720502645527
s0316,vertebrae,0.8383,0.8630330102796938,0.8277831599206348
s0142,aorta,0.1449,0.6852462499388234,0.6837493264041512
s0142,autochthon_left,0.4409,0.6236011371279115,0.6344817757936508
s0142,autochthon_right,0.3716,0.36912809753995424,0.5127551759259262
s0142,clavicula_left,0.0,0.01888167262604197,0.0803577
s0142,esophagus,0.128,0.2956362590874257,0.27281286746031747
s0142,iliopsoas_left,0.0,0.15131923445470438,0.10254890793650803
s0142,inferior_vena_cava,0.0,0.08443470108873861,0.24404744126984124
s0142,intervertebral_discs,0.8074,0.8262267744081451,0.7335621206349202
s0142,lung_left,0.0,0.3355491437988557,0.39544989801587327
s0142,spinal_cord,0.8683,0.8639880605990474,0.8204299678210677
s0142,vertebrae,0.8917,0.8599469862673133,0.8263508534391538
s0515,adrenal_gland_left,0.8278,0.6609174886000336,0.6687456215608468
s0515,adrenal_gland_right,0.7756,0.4687792095213194,0.4915920134920636
s0515,aorta,0.8947,0.9103635285971098,0.8661792339947093
s0515,autochthon_left,0.9339,0.8001262592180561,0.880140169348244
s0515,autochthon_right,0.9256,0.8299225547022816,0.8875419534752281
s0515,clavicula_left,0.5139,0.5893478301212048,0.5459823503968255
s0515,clavicula_right,0.5591,0.40440909712625883,0.3687517349206348
s0515,colon,0.9227,0.7150321963896359,0.6516312482323232
s0515,duodenum,0.9007,0.9461199854519743,0.7088198924603174
s0515,esophagus,0.781,0.6572862750564928,0.7218929289321788
s0515,gallbladder,0.8282,0.6617084649226564,0.614652627152477
s0515,heart,0.824,0.8577843717362292,0.8989352390211639
s0515,humerus_left,0.8172,0.7415090094921123,0.7829436068903319
s0515,humerus_right,0.7462,0.6519634077683297,0.6327534750000001
s0515,inferior_vena_cava,0.91,0.8481361487128338,0.8332480805555554
s0515,intervertebral_discs,0.3993,0.7853842957857652,0.7423643449735453
s0515,kidney_left,0.9317,0.8818451670071419,0.7738292222222217
s0515,kidney_right,0.7831,0.8472965668128524,0.7655715875180371
s0515,liver,0.9571,0.969193829672575,0.9408776805555558
s0515,lung_left,0.9657,0.9601487605112288,0.9508226966931216
s0515,lung_right,0.9673,0.9655057141033851,0.9632239765873012
s0515,pancreas,0.8882,0.7764813438737951,0.7891032578042327
s0515,portal_vein_and_splenic_vein,0.8507,0.7011927194426065,0.634510160714285
s0515,scapula_left,0.6557,0.6433949056820208,0.6561746361111109
s0515,scapula_right,0.6546,0.804762847262523,0.6560734279942277
s0515,small_bowel,0.9036,0.8510980605258389,0.7642790563492058
s0515,spinal_cord,0.8713,0.8498159357003896,0.8215032031746028
s0515,spleen,0.9523,0.8604721301769592,0.8778087638888881
s0515,stomach,0.9338,0.9323811093416249,0.8565738701058198
s0515,vertebrae,0.6486,0.808467332982701,0.8105452111111114
s0615,brain,0.9721,0.9661797929351766,0.9597420471260224
s0615,spinal_cord,0.3057,0.6492232935690726,0.47261495158730177
s0615,vertebrae,0.4679,0.7735641839842519,0.4926584738095241
s0397,brain,0.9137,0.9947689850514186,0.9317582616402118
s0397,intervertebral_discs,0.422,0.41296454731398924,0.3928567413974912
s0397,spinal_cord,0.8168,0.8208399027335072,0.7281577824074073
s0397,vertebrae,0.6767,0.6387357040518288,0.5651471506613757
s0355,adrenal_gland_left,0.3134,0.5713410702786798,0.4701288506613762
s0355,adrenal_gland_right,0.7315,0.4793697296125759,0.37393970714285724
s0355,aorta,0.8563,0.8962138587804547,0.8541479373015874
s0355,autochthon_left,0.9378,0.9199221503738028,0.9294624537037034
s0355,autochthon_right,0.9368,0.9430666134870965,0.940159957936508
s0355,colon,0.8264,0.8749561806164439,0.8297080523809524
s0355,duodenum,0.6438,0.4974746413210192,0.5355847230158729
s0355,esophagus,0.5935,0.7985493537194644,0.6709191887566138
s0355,gallbladder,0.8494,0.6896947980555792,0.6557344201058197
s0355,gluteus_maximus_left,0.713,0.36436738847845956,0.44228375511063006
s0355,gluteus_medius_left,0.8991,0.8469660370311762,0.7812642962962958
s0355,gluteus_medius_right,0.9166,0.7629796473591904,0.7356507078042324
s0355,heart,0.9144,0.8657747678989364,0.9109266384920635
s0355,hip_left,0.7047,0.7854710253296987,0.6929361626984132
s0355,hip_right,0.7352,0.839090480846977,0.7393196456349208
s0355,iliac_artery_left,0.497,0.7528876515392972,0.6379195082010579
s0355,iliac_artery_right,0.0,0.5550052948196192,0.4226009940476192
s0355,iliac_vena_left,0.7582,0.7132561609822109,0.6691540333333333
s0355,iliac_vena_right,0.7586,0.7822690209968972,0.6860836777777777
s0355,iliopsoas_left,0.8876,0.9087637057808389,0.8618466943482442
s0355,iliopsoas_right,0.849,0.8178728702599724,0.8240399634920637
s0355,inferior_vena_cava,0.845,0.7849669471697077,0.8015251664021161
s0355,intervertebral_discs,0.7193,0.7872843611685915,0.8133073944444448
s0355,kidney_left,0.8661,0.8753123159248352,0.8995450408730151
s0355,kidney_right,0.8668,0.8709506193945776,0.8806648042328048
s0355,liver,0.9562,0.9299381943829178,0.9094193615079369
s0355,lung_left,0.8747,0.9059978112798354,0.8799721177248676
s0355,lung_right,0.9584,0.9676414912501795,0.9554384876984134
s0355,pancreas,0.4419,0.6446626412386863,0.5998248986772485
s0355,portal_vein_and_splenic_vein,0.0745,0.22175732201947324,0.2286755432539683
s0355,sacrum,0.3532,0.5580758065201604,0.42508278650793685
s0355,small_bowel,0.7541,0.7792762639376327,0.7901278964285713
s0355,spinal_cord,0.874,0.8581223107086726,0.8624074884920626
s0355,spleen,0.9176,0.8020760527698323,0.7968091226190477
s0355,stomach,0.8786,0.925430007375284,0.8680805156084646
s0355,vertebrae,0.8116,0.7795042120039931,0.864196062566138
s0547,adrenal_gland_left,0.7017,0.6363391328894831,0.508578926190476
s0547,adrenal_gland_right,0.8118,0.32215610903301484,0.43466203888888866
s0547,aorta,0.9154,0.8816534537083148,0.8683360596255593
s0547,autochthon_left,0.8861,0.7703371730827935,0.7707510794973548
s0547,autochthon_right,0.8882,0.8159380668106695,0.7814575828042335
s0547,clavicula_left,0.7015,0.5978635717183822,0.5526489182299185
s0547,clavicula_right,0.746,0.6248208001973901,0.5482106248677248
s0547,colon,0.8442,0.8403771055870276,0.773667524338624
s0547,duodenum,0.8396,0.7544772200359555,0.6580876748677251
s0547,esophagus,0.8007,0.571601074672227,0.6209642931096679
s0547,gallbladder,0.8858,0.6713193361387807,0.6255717357142854
s0547,heart,0.9111,0.8144814724392874,0.8311106308201052
s0547,humerus_left,0.8437,0.7330193156368665,0.7363871861111112
s0547,humerus_right,0.8281,0.8197508655601394,0.7814430924603173
s0547,inferior_vena_cava,0.8235,0.6456284693230493,0.6924257686507939
s0547,intervertebral_discs,0.7962,0.6681722677220951,0.7187476466931217
s0547,kidney_left,0.9196,0.7440075016730021,0.6722071371693118
s0547,kidney_right,0.8761,0.49299678951297754,0.4744927797619045
s0547,liver,0.9523,0.9278151709292112,0.9349975522486766
s0547,lung_left,0.9564,0.9290875035135858,0.9081119007936508
s0547,lung_right,0.9713,0.989608674157824,0.9679192350288601
s0547,pancreas,0.8398,0.8974042099836321,0.8135470399470904
s0547,portal_vein_and_splenic_vein,0.7097,0.5800356273086753,0.607731821164021
s0547,scapula_left,0.6506,0.6305278887959116,0.5859715904761907
s0547,scapula_right,0.731,0.529275941627262,0.5695787097883601
s0547,small_bowel,0.8835,0.760946181294618,0.6330477191798949
s0547,spinal_cord,0.87,0.7379507071173821,0.7755883837301586
s0547,spleen,0.9495,0.9427208578276203,0.8947146235449732
s0547,stomach,0.8655,0.8851991434130396,0.8428759161375662
s0547,vertebrae,0.8407,0.7911867937808837,0.7471438952380951
s0592,aorta,0.7474,0.613458014610337,0.690007728306878
s0592,autochthon_left,0.8523,0.8475684428463481,0.9007497084656084
s0592,autochthon_right,0.8178,0.8269628248298975,0.8887828936507938
s0592,colon,0.4931,0.4308464158472276,0.2480747675925925
s0592,gluteus_maximus_right,0.0,0.23698329771638904,0.18050724312169308
s0592,hip_left,0.5507,0.4748031290842462,0.5405703791005296
s0592,hip_right,0.3349,0.42304952070955165,0.5412844923280418
s0592,iliac_artery_left,0.0,0.16280983121832993,0.16545551785714283
s0592,iliac_artery_right,0.0,0.0,0.17196352499999995
s0592,iliac_vena_left,0.3029,0.13219295312730242,0.08753020476190478
s0592,iliopsoas_left,0.837,0.7016237563999613,0.8122169755291009
s0592,iliopsoas_right,0.8773,0.6639803682060111,0.796294006108706
s0592,inferior_vena_cava,0.4216,0.5042215733392982,0.48549273055555564
s0592,intervertebral_discs,0.8689,0.7092304935537145,0.7251811416666661
s0592,sacrum,0.8505,0.8356835278352231,0.7764482591269839
s0592,spinal_cord,0.8913,0.7018539062831737,0.8021881575396822
s0592,vertebrae,0.906,0.8264901761733565,0.8223506746031746
s0293,adrenal_gland_left,0.6494,0.7666015194111699,0.5559036082010577
s0293,adrenal_gland_right,0.5699,0.3148336179057982,0.39816893941798914
s0293,aorta,0.8227,0.7286834938709814,0.7174005280423282
s0293,autochthon_left,0.9396,0.9666186141162726,0.9154785332611842
s0293,autochthon_right,0.9408,0.9074247651991063,0.9131841346560843
s0293,colon,0.8157,0.28321269292885526,0.4397463089947091
s0293,duodenum,0.5757,0.7339300313999244,0.6825989589947089
s0293,esophagus,0.73,0.774969539870017,0.7218507940476185
s0293,gallbladder,0.5723,0.6963990667000544,0.6689833686507936
s0293,heart,0.9323,0.9000587464882149,0.8927557900793649
s0293,iliopsoas_left,0.7476,0.8317056010715123,0.8054112424603171
s0293,iliopsoas_right,0.5736,0.48926216335744654,0.475391812061087
s0293,inferior_vena_cava,0.8267,0.8377911408699034,0.7867635285714287
s0293,intervertebral_discs,0.7873,0.6708143501792942,0.7310715773809529
s0293,kidney_left,0.863,0.9351927901675257,0.8544952496031744
s0293,kidney_right,0.7897,0.7803932938778395,0.8510173776455032
s0293,liver,0.8878,0.8718129732866178,0.8756003468253966
s0293,lung_left,0.9477,0.9231579173229393,0.924790803439153
s0293,lung_right,0.9575,0.9411196841554836,0.9332825357142864
s0293,pancreas,0.5089,0.4415032895740079,0.5191924408730159
s0293,portal_vein_and_splenic_vein,0.2925,0.056067773562066096,0.11653012658730162
s0293,small_bowel,0.631,0.5244085366401516,0.6156013981481475
s0293,spinal_cord,0.8447,0.8152114913081104,0.8322014161856663
s0293,spleen,0.8241,0.5821236388441118,0.7630110443121697
s0293,stomach,0.8737,0.6712933401151244,0.6707652157407415
s0293,vertebrae,0.8597,0.8232600856379301,0.8205706417989422
s0280,colon,0.0577,0.48691586514789004,0.4466842813492066
s0280,femur_left,0.897,0.7932393359876817,0.8379870699735457
s0280,femur_right,0.9043,0.8423612656880809,0.8433012865079367
s0280,gluteus_maximus_left,0.8913,0.864296436866849,0.8724149380952385
s0280,gluteus_maximus_right,0.8778,0.8703249539996482,0.8877316880952387
s0280,hip_left,0.8087,0.5515813031839472,0.6027652825396824
s0280,hip_right,0.8081,0.9129996197952561,0.8004445817460321
s0280,iliac_artery_left,0.8,0.19326881926404388,0.12967308412698406
s0280,iliac_artery_right,0.7455,0.10153922872457825,0.2576540507936509
s0280,iliac_vena_left,0.7011,0.1373117788087488,0.2815125333333334
s0280,iliac_vena_right,0.6641,0.12466019709038026,0.2477580484126985
s0280,iliopsoas_left,0.6433,0.4620421908038079,0.5704208616402116
s0280,iliopsoas_right,0.6091,0.7072349266226104,0.6967744130952385
s0280,prostate,0.2454,0.8258680511958059,0.6881521697089942
s0280,urinary_bladder,0.0,0.13330886769422332,0.3073841531746034
s0385,aorta,0.0,0.22377115667198888,0.16916890079365066
s0385,autochthon_left,0.0,0.48273925073153523,0.5264224957671959
s0385,autochthon_right,0.0,0.44477872252480594,0.667248116931217
s0385,intervertebral_discs,0.799,0.8350371467524633,0.7537418332010584
s0385,lung_left,0.0,0.0,0.0907220753968254
s0385,spinal_cord,0.8672,0.8429315598460011,0.8366772636964886
s0385,vertebrae,0.8571,0.8442624297253563,0.8427352480158724
s0594,brain,0.9773,0.9472828958324148,0.9642570772486772
s0594,intervertebral_discs,0.6294,0.5902458264805278,0.49732721746031766
s0594,spinal_cord,0.7937,0.794156223065566,0.6791117373015871
s0594,vertebrae,0.7012,0.7809848382790943,0.6234756451058201
s0287,adrenal_gland_left,0.4325,0.46285596486809255,0.43697512962962953
s0287,adrenal_gland_right,0.5156,0.308149988068554,0.3464192956349207
s0287,aorta,0.6058,0.6647356755520374,0.6760992744588752
s0287,autochthon_left,0.9339,0.9220713800985472,0.9138575187830685
s0287,autochthon_right,0.9365,0.9271923502879998,0.9101769571428567
s0287,colon,0.7172,0.8469288056384603,0.8358581460012209
s0287,duodenum,0.6036,0.34078409307406277,0.40858198677248675
s0287,esophagus,0.4442,0.6837208786003945,0.6011108149350647
s0287,gallbladder,0.3585,0.3453095598415863,0.42461652222222224
s0287,heart,0.8309,0.4483380631242894,0.3640975932539682
s0287,hip_right,0.6052,0.49878707823509266,0.3449297017195766
s0287,humerus_left,0.6813,0.3341969684270355,0.43326636018518533
s0287,humerus_right,0.6926,0.4168428995469056,0.48360041402116377
s0287,iliac_artery_left,0.7902,0.6546987126492291,0.5864494367724865
s0287,iliac_artery_right,0.5304,0.6291977247514348,0.5958905085978837
s0287,iliac_vena_left,0.4706,0.18599087345613505,0.158090486111111
s0287,iliac_vena_right,0.6227,0.5384638449633382,0.5335220808201059
s0287,iliopsoas_left,0.7298,0.7727223356971495,0.8186234302910058
s0287,iliopsoas_right,0.7369,0.7949479797499127,0.8207155685185187
s0287,inferior_vena_cava,0.8229,0.8648033627263134,0.8203221112433862
s0287,intervertebral_discs,0.8133,0.7741117533645737,0.758409863756614
s0287,kidney_left,0.8544,0.8226038094275401,0.7864742166666668
s0287,kidney_right,0.8614,0.8422303692200602,0.7950909138888889
s0287,liver,0.9309,0.8812074455522084,0.9166447099206345
s0287,lung_left,0.9371,0.9482297043789926,0.8886071027777777
s0287,lung_right,0.9406,0.9026631785403729,0.8087667518518521
s0287,pancreas,0.3283,0.7077838277971159,0.6841607167748915
s0287,portal_vein_and_splenic_vein,0.7196,0.4928981127774658,0.5159427048701295
s0287,small_bowel,0.4648,0.6030914649910533,0.5890493589947098
s0287,spinal_cord,0.8728,0.8388684872992147,0.8552281812169313
s0287,spleen,0.8304,0.8543780365100843,0.8151030029100528
s0287,stomach,0.814,0.8934071272812051,0.8826441429894174
s0287,vertebrae,0.8695,0.8193716888125671,0.811353250529101
s0027,brain,0.9609,0.9727876378412097,0.9671902899470898
s0027,spinal_cord,0.6059,0.6711720526850801,0.6331665054232807
s0027,vertebrae,0.0,0.2836229930980399,0.24435073095238105
s0031,adrenal_gland_left,0.5866,0.6200110710081098,0.5747679493386245
s0031,adrenal_gland_right,0.3861,0.09673432783392802,0.24043219404761917
s0031,aorta,0.8799,0.8599617202840624,0.8275273002645507
s0031,autochthon_left,0.9195,0.9245739895777134,0.9187969623015873
s0031,autochthon_right,0.9277,0.8618111391330757,0.9155243559523811
s0031,colon,0.7536,0.8137987687753128,0.8040256412698408
s0031,duodenum,0.7427,0.4692116140671093,0.47919204656084685
s0031,esophagus,0.8113,0.7893529393626194,0.7531016660052912
s0031,gallbladder,0.4285,0.11906916491807265,0.31343348095238094
s0031,heart,0.965,0.9281849585131563,0.9127261103174609
s0031,iliopsoas_left,0.8056,0.7111049311384783,0.7335897488816735
s0031,iliopsoas_right,0.8211,0.768078456073266,0.729022155026455
s0031,inferior_vena_cava,0.8208,0.7594653154926906,0.7972038671957681
s0031,intervertebral_discs,0.6666,0.8371694793179989,0.7559553878306883
s0031,kidney_left,0.8995,0.8065126862912952,0.8392818236772488
s0031,kidney_right,0.8929,0.8785662220273737,0.8556460056878304
s0031,liver,0.9265,0.9290981087736448,0.9064021031746038
s0031,lung_left,0.9546,0.9013024837503851,0.9330327060846564
s0031,lung_right,0.9515,0.9001715950570467,0.9340962683862439
s0031,pancreas,0.6467,0.6566418336851265,0.6075924500000002
s0031,portal_vein_and_splenic_vein,0.6351,0.386079982300504,0.4451265247354497
s0031,small_bowel,0.7463,0.688606042437517,0.7600059283170527
s0031,spinal_cord,0.8838,0.7698215113653536,0.7805041125661383
s0031,spleen,0.9263,0.842878962691778,0.8601777314814816
s0031,stomach,0.5511,0.7220683540724251,0.7645086125661372
s0031,vertebrae,0.8308,0.827735392128035,0.826872187037037
s0414,aorta,0.185,0.26024171290944165,0.40613930745550725
s0414,autochthon_left,0.443,0.10033433641186541,0.3678171043650793
s0414,autochthon_right,0.0253,0.035502498098878066,0.1258030698412698
s0414,esophagus,0.3294,0.17281200432791277,0.1381262115079365
s0414,intervertebral_discs,0.7147,0.591179573146458,0.5751505043650795
s0414,lung_right,0.1355,0.028682423139575385,0.12995626666666665
s0414,spinal_cord,0.8629,0.8694844211626139,0.7844068185185189
s0414,vertebrae,0.8299,0.8584455734844247,0.7555384070105822
s0056,femur_left,0.7736,0.8273522226968946,0.7708712111111109
s0016,adrenal_gland_left,0.1858,0.39812521002849593,0.46994358849206386
s0016,adrenal_gland_right,0.8149,0.29703108973809456,0.4250316306878308
s0016,aorta,0.8903,0.7805413796218738,0.824846203607503
s0016,autochthon_left,0.9488,0.9655734068821378,0.9211923503968252
s0016,autochthon_right,0.9494,0.9612226608207485,0.9225267249999995
s0016,colon,0.7869,0.7854450399659949,0.7911836428571434
s0016,duodenum,0.38,0.4351408128403955,0.48485641338383867
s0016,esophagus,0.5585,0.37146875973257515,0.416573967989418
s0016,gallbladder,0.6389,0.5989799614598255,0.6070908956349211
s0016,gluteus_medius_left,0.7773,0.5992208754890211,0.4651664480158732
s0016,gluteus_medius_right,0.0,0.04915253019952602,0.036373605555555556
s0016,heart,0.4846,0.6818166736831941,0.7144992656084659
s0016,hip_left,0.7125,0.5422496546293286,0.566249134920635
s0016,hip_right,0.558,0.38936888521306157,0.40579886940836946
s0016,iliac_artery_left,0.8189,0.5484399828345833,0.562188298809524
s0016,iliac_artery_right,0.6964,0.6930151749625386,0.5775365912698412
s0016,iliac_vena_left,0.4444,0.3722428402915908,0.11704392936507939
s0016,iliac_vena_right,0.7368,0.3965055428539727,0.27505012261904765
s0016,iliopsoas_left,0.663,0.87020595294946,0.878414226984127
s0016,iliopsoas_right,0.7087,0.9428283108214377,0.8698139269841272
s0016,inferior_vena_cava,0.8034,0.8188576214158797,0.8209600183862434
s0016,intervertebral_discs,0.805,0.835221471327551,0.7914331071789324
s0016,kidney_left,0.6618,0.7780305686122374,0.8612443571067822
s0016,kidney_right,0.7937,0.8898162574300782,0.9080685384920639
s0016,liver,0.9403,0.8629800818919147,0.8943999523809526
s0016,lung_left,0.7418,0.7180746673941473,0.7022005301587303
s0016,lung_right,0.9371,0.9393731908894312,0.9069880496031749
s0016,pancreas,0.5734,0.636805940172252,0.6053122892857145
s0016,portal_vein_and_splenic_vein,0.6254,0.521546361645127,0.4985192461640213
s0016,small_bowel,0.7461,0.7257581668077846,0.7367075136243386
s0016,spinal_cord,0.8684,0.9591983479226779,0.8332483023809526
s0016,spleen,0.8011,0.9374418723720749,0.9055226678571425
s0016,stomach,0.5573,0.5961882198361937,0.6882135649470899
s0016,vertebrae,0.8609,0.8460539653455141,0.8435398329365075
s0145,clavicula_right,0.6099,0.31170451619498213,0.35626349576719607
s0145,femur_right,0.0,0.6355193398647266,0.6153234526455031
s0145,humerus_right,0.6738,0.7629976831686995,0.7727895607142858
s0145,scapula_left,0.0,0.02180832999306624,0.09959007777777779
s0145,scapula_right,0.5076,0.42840925174767813,0.44454322460317464
s0216,adrenal_gland_left,0.5421,0.7249611452819247,0.550350063095238
s0216,adrenal_gland_right,0.3657,0.26809677249534253,0.3817648731842233
s0216,aorta,0.8753,0.7434036434882502,0.734355839417989
s0216,autochthon_left,0.9283,0.8805011410138329,0.8832784233645983
s0216,autochthon_right,0.9342,0.8562164579878703,0.8525390764069264
s0216,colon,0.6729,0.7901551148477681,0.7412859117724868
s0216,duodenum,0.5685,0.8139638544567356,0.7557924564814811
s0216,esophagus,0.7659,0.7348368912085045,0.704561913492064
s0216,gallbladder,0.0,0.44648111591001605,0.45931470555555554
s0216,gluteus_maximus_left,0.5027,0.7632549003285335,0.7610797103174597
s0216,gluteus_maximus_right,0.6469,0.6872400321260305,0.8137108879629633
s0216,gluteus_medius_left,0.888,0.7594179202976715,0.7913978789682542
s0216,gluteus_medius_right,0.8723,0.8063278319524341,0.8111706932539681
s0216,gluteus_minimus_left,0.8196,0.4461125274833107,0.5099739443121695
s0216,gluteus_minimus_right,0.7589,0.6818872659099378,0.6983611546296291
s0216,heart,0.9192,0.8692914840189694,0.8920856334656074
s0216,hip_left,0.8427,0.7946309298070668,0.7530828662698416
s0216,hip_right,0.8681,0.740553485773012,0.7565393234126983
s0216,humerus_left,0.792,0.5788053500448532,0.45775188968253955
s0216,humerus_right,0.5283,0.6046983063032768,0.40188078178210707
s0216,iliac_artery_right,0.1283,0.5367969974994314,0.4042136899831649
s0216,iliac_vena_left,0.3546,0.44528065602255157,0.48156118654401114
s0216,iliac_vena_right,0.4269,0.6446215636461976,0.5929398651154397
s0216,iliopsoas_left,0.6616,0.7835992380429152,0.7192893817460315
s0216,iliopsoas_right,0.7413,0.6606486314755425,0.6694989944444443
s0216,inferior_vena_cava,0.0,0.4291431501217117,0.5308867972703223
s0216,intervertebral_discs,0.7087,0.8233255898674694,0.7672697537037032
s0216,kidney_left,0.5277,0.5754035681895624,0.7619039879629632
s0216,kidney_right,0.5634,0.7595559926139058,0.8195840859788365
s0216,liver,0.874,0.9000863694385713,0.8957401892857138
s0216,lung_left,0.9739,0.9411945339205133,0.9388995664021165
s0216,lung_right,0.978,0.9332817096490484,0.9418350769841272
s0216,pancreas,0.1064,0.5844411028460789,0.5292659332611833
s0216,portal_vein_and_splenic_vein,0.1056,0.4781634966587728,0.4897133023809525
s0216,sacrum,0.7429,0.7177713188286615,0.8164790165343915
s0216,scapula_left,0.0,0.5193071172653017,0.46186042857142856
s0216,scapula_right,0.0,0.5032246023616369,0.3202387107142856
s0216,small_bowel,0.3087,0.6164807252151735,0.6071087734126986
s0216,spinal_cord,0.7947,0.789141257854262,0.8154343003968253
s0216,spleen,0.7678,0.9268232293904987,0.8634990201058201
s0216,stomach,0.8339,0.8451180981401182,0.8404757322751333
s0216,vertebrae,0.7805,0.8349726829986581,0.8101306112433865
s0323,aorta,0.0,0.47070342109354557,0.38800339523809513
s0323,autochthon_left,0.4495,0.7930036399795898,0.7262357181216931
s0323,autochthon_right,0.8018,0.7327963710940442,0.7216993408730162
s0323,colon,0.4623,0.6494580448812218,0.6090927402116404
s0323,duodenum,0.2692,0.5097577564980345,0.5302144055555554
s0323,esophagus,0.4415,0.4579447838353713,0.39585478730158746
s0323,femur_left,0.0,0.43279894283963755,0.2975410484126984
s0323,femur_right,0.0,0.32983287647049975,0.4343806718253964
s0323,gallbladder,0.0,0.4364272392060022,0.47892036284271283
s0323,gluteus_maximus_left,0.0,0.35755499682400826,0.41384542023809534
s0323,gluteus_medius_left,0.4816,0.5592928293628531,0.6980294731481477
s0323,gluteus_medius_right,0.5932,0.6667458927642611,0.7771643920634919
s0323,gluteus_minimus_left,0.3303,0.6863118620530542,0.7074278156084655
s0323,gluteus_minimus_right,0.6575,0.5235053253033809,0.687765260978836
s0323,heart,0.8002,0.9059150333450515,0.8725765752645501
s0323,hip_left,0.5893,0.776056954552521,0.6824982870370369
s0323,hip_right,0.6524,0.5016494044913715,0.6124132130952384
s0323,humerus_left,0.3796,0.18992272600877103,0.25076506492303996
s0323,iliac_artery_right,0.0,0.548943866310427,0.5245864632275129
s0323,iliac_vena_left,0.0,0.2525104953310807,0.2716244496031747
s0323,iliac_vena_right,0.0,0.39859329009290195,0.41522946031746044
s0323,iliopsoas_left,0.8176,0.8360437764385744,0.8508420391534386
s0323,iliopsoas_right,0.8281,0.7726490564414601,0.758387726190476
s0323,inferior_vena_cava,0.0,0.5591944419025225,0.4396455322751325
s0323,intervertebral_discs,0.6703,0.5570697420954723,0.6230029285714287
s0323,kidney_left,0.3466,0.5743991665135161,0.6595517255290998
s0323,kidney_right,0.0627,0.18171567386832135,0.374137026166426
s0323,liver,0.8076,0.9458256289017978,0.9457214394179899
s0323,lung_left,0.8764,0.8636705041121514,0.8283797714285711
s0323,lung_right,0.896,0.8483781198934376,0.897713711111111
s0323,pancreas,0.0,0.46068748342331756,0.40881816587301556
s0323,portal_vein_and_splenic_vein,0.0,0.3581686410625553,0.3184449835978835
s0323,sacrum,0.6116,0.6271260949549022,0.6935690063492065
s0323,small_bowel,0.3628,0.5504991328117479,0.6091969797619047
s0323,spinal_cord,0.5459,0.5346902528255608,0.5567933746031752
s0323,spleen,0.6635,0.6036425208979252,0.6697389857142857
s0323,stomach,0.7381,0.7671032320549103,0.7650241051587301
s0323,urinary_bladder,0.0,0.5524194540012375,0.6628651074074073
s0323,vertebrae,0.7425,0.8121836855682615,0.7401825519841277
s0284,autochthon_left,0.9201,0.7888588514467524,0.807198903703704
s0284,autochthon_right,0.906,0.7362655644068559,0.8014243207671959
s0284,colon,0.7995,0.8282375885317281,0.7808341769841273
s0284,femur_left,0.9317,0.8179870792759174,0.8380418132996632
s0284,femur_right,0.9343,0.8334197989075871,0.8358754881673887
s0284,gluteus_maximus_left,0.9445,0.9216797439656541,0.9320978156084658
s0284,gluteus_maximus_right,0.9403,0.8802835156315373,0.9226753439153439
s0284,gluteus_medius_left,0.9174,0.8579823982205409,0.8658754267195771
s0284,gluteus_medius_right,0.9284,0.8198031053500422,0.8482733271164026
s0284,gluteus_minimus_left,0.8943,0.6385948468741982,0.7130140035714283
s0284,gluteus_minimus_right,0.903,0.8329882034651214,0.8008028492063497
s0284,hip_left,0.895,0.8861852689723303,0.8526524874338631
s0284,hip_right,0.8969,0.878797311436656,0.8355991990740747
s0284,iliac_artery_left,0.5415,0.372710366562197,0.40940698005050513
s0284,iliac_artery_right,0.4059,0.5747736619889754,0.43102830714285706
s0284,iliac_vena_left,0.6042,0.7281989951400377,0.6746642239417984
s0284,iliac_vena_right,0.462,0.6369468585000871,0.5577983236772487
s0284,iliopsoas_left,0.8699,0.8369790147333561,0.8489200871933623
s0284,iliopsoas_right,0.8437,0.8474416618267884,0.8518578992063491
s0284,inferior_vena_cava,0.0,0.05153809954837895,0.10756119920634918
s0284,intervertebral_discs,0.7401,0.7191160077002876,0.666574073544974
s0284,prostate,0.7309,0.5807957026236483,0.631344137962963
s0284,sacrum,0.8225,0.8501877734886165,0.8427937526455024
s0284,small_bowel,0.822,0.634487015189831,0.7475712485449741
s0284,spinal_cord,0.7873,0.463152893412177,0.6280882964285714
s0284,urinary_bladder,0.9047,0.8806883026787279,0.7873289601851855
s0284,vertebrae,0.8865,0.7719855600432124,0.7016007489417991
s0545,femur_left,0.8046,0.8686394242889482,0.8596276817460314
s0286,aorta,0.8164,0.8502110868103072,0.8176143098845595
s0286,autochthon_left,0.8155,0.7484726036689119,0.6501576248556998
s0286,autochthon_right,0.6902,0.743043952344791,0.6480709829365082
s0286,clavicula_left,0.5298,0.48929556573763167,0.5283568746031745
s0286,clavicula_right,0.5318,0.5976161622779331,0.60251098498076
s0286,esophagus,0.8075,0.7668767801486652,0.7320794936507939
s0286,heart,0.6251,0.8798720142045553,0.7680196712962958
s0286,humerus_left,0.9077,0.773588323624743,0.7602121149470897
s0286,humerus_right,0.9201,0.8401038545141161,0.8034864362433861
s0286,intervertebral_discs,0.7599,0.6508945786644205,0.6127384576719573
s0286,lung_left,0.9697,1.0,0.945501182407408
s0286,lung_right,0.9753,0.9637547511755735,0.9401233902116405
s0286,scapula_left,0.5418,0.5004885107159808,0.5841574564814819
s0286,scapula_right,0.5602,0.6243571275644202,0.6240297746031744
s0286,spinal_cord,0.8278,0.7802785495289954,0.7429061496031749
s0286,vertebrae,0.8007,0.6862389917116357,0.7356291027777776
s0447,adrenal_gland_left,0.5951,0.6048862276426539,0.5783873828958077
s0447,adrenal_gland_right,0.7433,0.5132471798486536,0.4903409876984126
s0447,aorta,0.834,0.7756384803895671,0.7418639208994705
s0447,autochthon_left,0.6957,0.8381553378687531,0.659707197077922
s0447,autochthon_right,0.7626,0.5321608550499894,0.4872773117965367
s0447,clavicula_left,0.7895,0.5493575549032428,0.5248697585978834
s0447,clavicula_right,0.729,0.6491078978395279,0.5786553026455027
s0447,colon,0.7734,0.7340531012192674,0.6479836554232804
s0447,duodenum,0.7118,0.6301292432183874,0.6299212533068783
s0447,esophagus,0.6292,0.5098647446573188,0.5603238224867727
s0447,gallbladder,0.0,0.0,0.23313850647685647
s0447,heart,0.8878,0.9521478749033268,0.8997296230158728
s0447,humerus_left,0.0154,0.6573151557376334,0.5789832314814818
s0447,humerus_right,0.0041,0.061549412742658564,0.02298029761904762
s0447,iliopsoas_left,0.8344,0.7441058082972113,0.8096690186507939
s0447,iliopsoas_right,0.7003,0.6920361695602839,0.8048445677248678
s0447,inferior_vena_cava,0.8355,0.6120876270846481,0.6652675718253965
s0447,intervertebral_discs,0.6979,0.7988969196601529,0.7285726613756611
s0447,kidney_left,0.9106,0.8758317194463909,0.8443917612433864
s0447,kidney_right,0.904,0.8646314326011336,0.8438636193121695
s0447,liver,0.9428,0.8910360268640996,0.9067212771164018
s0447,lung_left,0.9434,0.9575192588804614,0.9206750876984129
s0447,lung_right,0.9705,0.9527346484667044,0.9545016420634928
s0447,pancreas,0.7365,0.6215281051779526,0.5530062259259259
s0447,portal_vein_and_splenic_vein,0.6282,0.656363783742653,0.5308618166666665
s0447,scapula_left,0.6988,0.5553535260651098,0.516923768915344
s0447,scapula_right,0.4892,0.5275342428614617,0.60449794556277
s0447,small_bowel,0.7784,0.7020463850261401,0.7652486103174603
s0447,spinal_cord,0.7757,0.6064559921243926,0.6030330916666657
s0447,spleen,0.6772,0.8257948056058694,0.8067179247354501
s0447,stomach,0.9285,0.8631314356610823,0.8799831589826836
s0447,vertebrae,0.8343,0.8063031096394285,0.8067971484126993
s0525,femur_left,0.6834,0.3900308162580007,0.39325137777777763
s0525,femur_right,0.9147,0.8237220941016442,0.8647941132275135
s0327,adrenal_gland_left,0.6802,0.41944999406538547,0.4847395544973547
s0327,aorta,0.492,0.42569538207410285,0.47445495171957625
s0327,autochthon_left,0.4263,0.8398371039009306,0.8400783812169315
s0327,autochthon_right,0.5923,0.9039953327238248,0.8968699795695043
s0327,colon,0.553,0.7053638408288113,0.7765590043650794
s0327,duodenum,0.393,0.46627707964907444,0.509672484126984
s0327,iliac_artery_left,0.0,0.10892295561768352,0.160320692989418
s0327,iliopsoas_left,0.0815,0.4417748977399979,0.4741947287545788
s0327,inferior_vena_cava,0.2867,0.3872401830538626,0.479187864682539
s0327,intervertebral_discs,0.3491,0.7567849239753015,0.7031567833333339
s0327,kidney_left,0.7792,0.8890716696737689,0.8476150287037032
s0327,kidney_right,0.3473,0.6191057330101126,0.6058104301587305
s0327,liver,0.3771,0.8270406417975948,0.7050403497354497
s0327,pancreas,0.3075,0.35576547709801437,0.4491207801587302
s0327,portal_vein_and_splenic_vein,0.0,0.11730206763428715,0.1816293940476191
s0327,small_bowel,0.4736,0.5294938709329735,0.5872256980158732
s0327,spinal_cord,0.3898,0.40493370543732204,0.5464625154761911
s0327,spleen,0.4134,0.8293902964030074,0.7204454191798942
s0327,stomach,0.307,0.710469033797685,0.6203467888888886
s0327,vertebrae,0.557,0.8456373086226717,0.8269116817460321
s0398,autochthon_right,0.3839,0.017819820866596864,0.11402941666666666
s0398,colon,0.7523,0.7237872114201094,0.6070458193121692
s0398,femur_right,0.9204,0.8487183545631592,0.8221767324074074
s0398,gluteus_maximus_right,0.8823,0.8906302596103374,0.8941392371693119
s0398,gluteus_medius_left,0.0,0.0,0.053469030687830724
s0398,gluteus_medius_right,0.8289,0.841087121240968,0.8472225920634923
s0398,gluteus_minimus_left,0.0,0.6986780830846806,0.6829332380952382
s0398,gluteus_minimus_right,0.6956,0.7986973342985364,0.7615361956349209
s0398,hip_left,0.7872,0.378855754034621,0.3959532170274171
s0398,hip_right,0.8925,0.730351418524406,0.7964611063492069
s0398,iliac_artery_right,0.6339,0.15663035581617735,0.20392136746031744
s0398,iliac_vena_right,0.6687,0.6638403052703672,0.5176224936267437
s0398,iliopsoas_right,0.9203,0.7834662498216358,0.7723970746031749
s0398,prostate,0.7936,0.4889690867878212,0.469896558201058
s0398,sacrum,0.7042,0.7173723597606791,0.6580229805555554
s0398,small_bowel,0.0,0.17536425288600127,0.25554252103174613
s0398,urinary_bladder,0.5302,0.5155035655532721,0.561580207142857
s0614,brain,0.9729,0.964012857555941,0.9630136574074076
s0614,intervertebral_discs,0.3741,0.35583711340110824,0.3135233820346319
s0614,spinal_cord,0.7525,0.5802575010858431,0.7209366306878308
s0614,vertebrae,0.6427,0.41914625154984625,0.5874082657287157
s0501,brain,0.7842,0.8124747822709266,0.7372783599206352
s0501,intervertebral_discs,0.778,0.4529033204954786,0.3447038279100529
s0501,spinal_cord,0.8111,0.7158690007443674,0.6382978427849928
s0501,vertebrae,0.8042,0.49744403187420594,0.532589160582011
s0129,brain,0.9478,0.9060171472634415,0.9070817886243382
s0129,intervertebral_discs,0.0,0.2193878404172413,0.1470454436507936
s0129,spinal_cord,0.7014,0.6910344673789683,0.6485711146825397
s0129,vertebrae,0.0,0.22125635428068538,0.26741709722222246
s0105,femur_right,0.794,0.8898115173404639,0.8994218798941794
s0114,autochthon_left,0.7663,0.5522119984251013,0.6638960444444444
s0114,autochthon_right,0.8227,0.6657703160409639,0.6880181400793655
s0114,colon,0.4673,0.4693325413736899,0.5660808845238098
s0114,femur_left,0.9125,0.8243510076358086,0.7671368869047618
s0114,femur_right,0.9123,0.82476971053404,0.815274075793651
s0114,gluteus_maximus_left,0.7519,0.9152676734149934,0.9111783632275128
s0114,gluteus_maximus_right,0.7304,0.9421281293482019,0.9033134592592593
s0114,gluteus_medius_left,0.8694,0.7420344423896985,0.7594971321428567
s0114,gluteus_medius_right,0.8742,0.7582911321704259,0.7799919678571428
s0114,gluteus_minimus_left,0.8522,0.49314185084319856,0.570573203968254
s0114,gluteus_minimus_right,0.8285,0.5671354719035582,0.6585537626984125
s0114,hip_left,0.8824,0.8259615188248777,0.8074699111111105
s0114,hip_right,0.8914,0.6777561141765713,0.6847190093915342
s0114,iliac_artery_left,0.0,0.08255219299162656,0.16246507817460334
s0114,iliac_vena_left,0.1148,0.037493838847214106,0.1392361003968255
s0114,iliac_vena_right,0.1851,0.19381173853432968,0.2420915678571428
s0114,iliopsoas_left,0.8409,0.874649069905024,0.8403881604497355
s0114,iliopsoas_right,0.8058,0.7726348926223578,0.8129329522486775
s0114,intervertebral_discs,0.5718,0.571815676957748,0.5621292890211639
s0114,sacrum,0.824,0.7549899749474503,0.7820323253968254
s0114,small_bowel,0.7325,0.7973450714537341,0.8070222562169317
s0114,spinal_cord,0.8536,0.8780224154175904,0.6525543292328041
s0114,urinary_bladder,0.8952,0.661011053599405,0.7162023041005287
s0114,vertebrae,0.6551,0.48347563331646387,0.5316838590428091
s0537,brain,0.9734,0.957557742654741,0.9664854115079371
s0348,adrenal_gland_left,0.0,0.36496260653689316,0.3282588871693122
s0348,aorta,0.8362,0.8630221460771107,0.770211544973545
s0348,autochthon_left,0.9445,0.9644555886615854,0.9226583814814814
s0348,autochthon_right,0.9376,0.9601270286442907,0.9232237858465608
s0348,colon,0.7323,0.7800465296602005,0.696086901322751
s0348,duodenum,0.6759,0.4628075829248536,0.5092425453703706
s0348,gluteus_maximus_left,0.8723,0.5650827881480802,0.4087184686507939
s0348,gluteus_maximus_right,0.8844,0.7759600694118041,0.6909679439153443
s0348,gluteus_medius_left,0.9127,0.7334010413902601,0.6526436031746027
s0348,gluteus_medius_right,0.9214,0.7467595897897745,0.793325910714286
s0348,gluteus_minimus_left,0.0,0.15439139545503075,0.09571360000000001
s0348,gluteus_minimus_right,0.8192,0.5140159411834008,0.4845185703703698
s0348,hip_left,0.8818,0.6991329593178397,0.6259938501322752
s0348,hip_right,0.8818,0.7942302794160505,0.7500657785714288
s0348,iliac_artery_left,0.7879,0.5553032001313102,0.596215126322751
s0348,iliac_artery_right,0.6346,0.2808906283560422,0.43966569113756626
s0348,iliac_vena_left,0.5369,0.2969483392584395,0.2650761367724867
s0348,iliac_vena_right,0.5875,0.6122460170792098,0.6460134630952381
s0348,iliopsoas_left,0.9073,0.7318948765181484,0.7770514198412696
s0348,iliopsoas_right,0.9215,0.7215061727316175,0.7810963374338622
s0348,inferior_vena_cava,0.3921,0.5271001699536556,0.5314903424603169
s0348,intervertebral_discs,0.8477,0.8246307383351894,0.808472658068783
s0348,kidney_left,0.8059,0.6437367018141416,0.6541889527777781
s0348,kidney_right,0.654,0.6093946113708094,0.7909691346560848
s0348,liver,0.4144,0.06944507314867816,0.28683123412698436
s0348,pancreas,0.0,0.01455238268867058,0.3067969321428571
s0348,sacrum,0.7491,0.766314969875073,0.7949535376984131
s0348,small_bowel,0.5354,0.6810528597491787,0.7943022428571426
s0348,spinal_cord,0.867,0.8041622635553042,0.8499942563492062
s0348,spleen,0.0,0.3754746314121181,0.37035190670995655
s0348,stomach,0.0489,0.15884331551879333,0.2753909222222223
s0348,vertebrae,0.8999,0.8297915910037101,0.8401312024531019
s0100,aorta,0.0,0.29035427271288333,0.24224778492063506
s0100,autochthon_left,0.2155,0.4722210871627778,0.6760711637566137
s0100,autochthon_right,0.1786,0.3995880097462822,0.5589376300366304
s0100,colon,0.0,0.047325889913696746,0.11643927103174605
s0100,iliac_artery_right,0.0,0.01706651940671256,0.07768748253968256
s0100,iliac_vena_left,0.0,0.08140413895409863,0.06266228571428574
s0100,iliopsoas_left,0.182,0.2727474510656995,0.36348073002645515
s0100,iliopsoas_right,0.3905,0.38377145308067556,0.4793333404761906
s0100,inferior_vena_cava,0.0,0.23754119472521903,0.20329138849206352
s0100,intervertebral_discs,0.8168,0.5514539608972926,0.5974446633699638
s0100,sacrum,0.8392,0.6988279374495099,0.7729868924603176
s0100,spinal_cord,0.8684,0.6160100102681125,0.697451713227513
s0100,vertebrae,0.8717,0.8139089630766373,0.8173043035714286
s0038,adrenal_gland_right,0.5242,0.42208422972214654,0.48743285171957657
s0038,autochthon_right,0.2732,0.37988683576934607,0.5603925128306879
s0038,colon,0.2792,0.563946428252605,0.6928287349206343
s0038,duodenum,0.0,0.2979124360109726,0.22112461402116398
s0038,gallbladder,0.0,0.0,0.05656598333333336
s0038,iliopsoas_right,0.1376,0.5584703632576747,0.5972560630952383
s0038,inferior_vena_cava,0.0,0.6106530795673284,0.5623207752645505
s0038,intervertebral_discs,0.2954,0.1928452514691768,0.23026362777777792
s0038,kidney_right,0.8794,0.8554284257981345,0.8571103357142847
s0038,liver,0.8418,0.7429909471250931,0.7743292923280417
s0038,portal_vein_and_splenic_vein,0.0,0.4389950656165803,0.45666817539682514
s0038,small_bowel,0.0,0.17606679130242495,0.2196293698412698
s0038,vertebrae,0.2757,0.26301728197859375,0.2389582134920636
s0024,adrenal_gland_left,0.2723,0.2512688495001866,0.3179749313492064
s0024,adrenal_gland_right,0.2791,0.4650931805068332,0.37373151706349206
s0024,aorta,0.1297,0.8323028343832236,0.7605299074074072
s0024,autochthon_left,0.788,0.9181192492055642,0.8388984771164015
s0024,autochthon_right,0.8203,0.9593862870011041,0.8331699305555553
s0024,colon,0.6931,0.8121378512526131,0.8146710761904763
s0024,duodenum,0.5791,0.6251647594138099,0.6924763191798944
s0024,esophagus,0.6204,0.764173485241594,0.6278836702380951
s0024,heart,0.8115,0.7019091745514213,0.6514319449254455
s0024,iliopsoas_left,0.0,0.1982455736854739,0.11722764880952383
s0024,inferior_vena_cava,0.7257,0.7283056376885884,0.627902849074074
s0024,intervertebral_discs,0.7189,0.5860100163877007,0.7023702230158734
s0024,kidney_left,0.9094,0.8716403279283104,0.8601296586339583
s0024,kidney_right,0.9325,0.9344036406445645,0.9008870160413659
s0024,liver,0.5973,0.9087658779193748,0.8787848226190472
s0024,lung_left,0.8818,0.8817427322195474,0.7789431268518523
s0024,lung_right,0.8256,0.6142277315766982,0.6805419334175087
s0024,pancreas,0.0,0.6049144628880961,0.5150672099206353
s0024,portal_vein_and_splenic_vein,0.1825,0.4919706552994225,0.3968395928571431
s0024,small_bowel,0.0232,0.5091510967216781,0.528222759632035
s0024,spinal_cord,0.8916,0.8813478867348025,0.8414215907407413
s0024,spleen,0.8051,0.9171887388160037,0.9131556866402112
s0024,stomach,0.7102,0.7802195001372539,0.8022735718253965
s0024,vertebrae,0.8118,0.6403241655828933,0.7527513576719578
s0175,adrenal_gland_right,0.0,0.0,0.12337259126984126
s0175,aorta,0.8592,0.8540528383446624,0.8441150116642616
s0175,autochthon_left,0.8994,0.840754055741515,0.8545407800264552
s0175,autochthon_right,0.9048,0.8078821235769442,0.8768243850529102
s0175,brain,0.9648,0.9132765824538395,0.9366311766233764
s0175,clavicula_left,0.6393,0.3592292877594123,0.5227404137566136
s0175,clavicula_right,0.6036,0.5835417650354775,0.6023191872775373
s0175,colon,0.7939,0.6545203481799801,0.6748632875661378
s0175,duodenum,0.181,0.0,0.15475154047619052
s0175,esophagus,0.7506,0.6346878555293252,0.7210315505050504
s0175,femur_left,0.8693,0.8424993225508494,0.8382886547619045
s0175,femur_right,0.8699,0.8367969297581496,0.8451889997354503
s0175,gluteus_maximus_left,0.9105,0.9187841936900724,0.8890496928571429
s0175,gluteus_maximus_right,0.8889,0.8984239413125272,0.871776923544973
s0175,gluteus_medius_left,0.9135,0.8703123495006738,0.7944967048941801
s0175,gluteus_medius_right,0.9245,0.7918204053179622,0.7916652903439156
s0175,gluteus_minimus_left,0.8653,0.6307482879735844,0.7244618953703704
s0175,gluteus_minimus_right,0.8845,0.7527172578132822,0.7494364587301587
s0175,heart,0.857,0.8884242720339025,0.8982262886243391
s0175,hip_left,0.8271,0.7825383498004426,0.8014414388888887
s0175,hip_right,0.8094,0.7849925023653871,0.7761197764550262
s0175,humerus_left,0.6644,0.7949108923743313,0.6772072449735451
s0175,humerus_right,0.611,0.6647269449385669,0.6736611707671954
s0175,iliac_artery_left,0.6176,0.3741917994690001,0.36611204523809554
s0175,iliac_artery_right,0.5038,0.42186837784586234,0.3363624702380953
s0175,iliac_vena_left,0.5872,0.353991269230122,0.4438984591510338
s0175,iliac_vena_right,0.6978,0.7202284613427364,0.6411602423039919
s0175,iliopsoas_left,0.8457,0.7766294394606515,0.7749399026455024
s0175,iliopsoas_right,0.8673,0.8073942734470313,0.7999099957671957
s0175,inferior_vena_cava,0.5495,0.6646519960600642,0.7401518261904759
s0175,intervertebral_discs,0.6503,0.5137636314289535,0.6334137087301587
s0175,kidney_left,0.4413,0.8071635065387428,0.7818549925925925
s0175,kidney_right,0.7272,0.7740005282284234,0.7839387084656085
s0175,liver,0.8367,0.8940222187697576,0.8913829862433865
s0175,lung_left,0.9532,0.942656281836031,0.9196192816137563
s0175,lung_right,0.9722,0.9940892015476618,0.9533700263107263
s0175,pancreas,0.2684,0.5337365531192034,0.6286150376984129
s0175,portal_vein_and_splenic_vein,0.4541,0.1976579706081411,0.2923113531746033
s0175,prostate,0.463,0.21571300884583314,0.37346903809523835
s0175,sacrum,0.7508,0.793134495099182,0.7823088379629632
s0175,scapula_left,0.4791,0.6375774275685459,0.5730986839947088
s0175,scapula_right,0.5072,0.5683731695250586,0.5455284839947087
s0175,small_bowel,0.5898,0.6886697745845456,0.7605900150793652
s0175,spinal_cord,0.2912,0.7727972857614683,0.7422190943362194
s0175,spleen,0.6291,0.8340677445257766,0.84958957473545
s0175,stomach,0.5285,0.8104223469422266,0.821386460846561
s0175,urinary_bladder,0.9218,0.8782901089776347,0.8661800820105818
s0175,vertebrae,0.7345,0.6475793748281351,0.7350265813492061
s0505,aorta,0.9008,0.8478691709990566,0.7630706170634916
s0505,clavicula_left,0.5061,0.13192362444444058,0.2101631785594036
s0505,clavicula_right,0.0,0.11487162927465346,0.07522973888888886
s0505,esophagus,0.2489,0.05894730137064928,0.17568390185185198
s0505,heart,0.7668,0.8754764478493177,0.8372482313492062
s0505,inferior_vena_cava,0.729,0.54754049944581,0.6900085982804239
s0505,intervertebral_discs,0.7102,0.6457520145735905,0.5478800408730162
s0505,kidney_right,0.0,0.2879133592337935,0.2544280793650794
s0505,liver,0.9169,0.9468777384069994,0.8654479399470897
s0505,lung_left,0.9227,0.8676132218920724,0.899707261423761
s0505,lung_right,0.9319,0.915418209720878,0.933301831794131
s0505,spinal_cord,0.7277,0.36152054351408597,0.34794682420634904
s0505,spleen,0.7819,0.6760651435901699,0.6301787202380953
s0505,stomach,0.8769,0.7924365200966653,0.7980848749999999
s0505,vertebrae,0.8092,0.6532932058173122,0.7203495921957676
s0309,adrenal_gland_left,0.6881,0.8237883987582217,0.5852565523809521
s0309,adrenal_gland_right,0.2702,0.4223382297570737,0.33707824215506726
s0309,aorta,0.9088,0.8580011030515146,0.7619826083333333
s0309,autochthon_left,0.931,0.9391742441879561,0.9218785865079359
s0309,autochthon_right,0.938,0.9268248733218419,0.928656128042327
s0309,colon,0.8557,0.784245183312216,0.7368185455026458
s0309,duodenum,0.5391,0.6801927089871397,0.5122989334656083
s0309,esophagus,0.6528,0.5942718162955268,0.4954525921957667
s0309,gallbladder,0.9046,0.6435750729211285,0.7041942623015873
s0309,heart,0.9501,0.9668798947863572,0.9177008832010576
s0309,iliac_artery_left,0.0,0.058277069486929074,0.19861143293650807
s0309,iliac_artery_right,0.0,0.19439697608678178,0.27249101018518523
s0309,iliopsoas_left,0.926,0.9193377649702342,0.8584045857142861
s0309,iliopsoas_right,0.8615,0.8756263292950464,0.86243860952381
s0309,inferior_vena_cava,0.8122,0.8422400142263379,0.8179583783068781
s0309,intervertebral_discs,0.8882,0.8358703370149687,0.767124787301587
s0309,kidney_left,0.9311,0.8815762458176098,0.8995496365079364
s0309,kidney_right,0.4049,0.43296632508330246,0.5232935646825397
s0309,liver,0.9466,0.9226190768960228,0.938325984920635
s0309,lung_left,0.9353,0.9601500922227983,0.9447346748677243
s0309,lung_right,0.9484,0.9356902083773724,0.918069384523809
s0309,pancreas,0.8379,0.5935912358005355,0.5538235416666669
s0309,portal_vein_and_splenic_vein,0.7402,0.6408532179575973,0.5554452891534388
s0309,small_bowel,0.8137,0.75882519707715,0.7902627542207789
s0309,spinal_cord,0.8333,0.9071983505334811,0.8708113854497354
s0309,spleen,0.9131,0.9269526287354675,0.895589009920635
s0309,stomach,0.8929,0.8751914892166318,0.8838036842592589
s0309,vertebrae,0.8909,0.8653813235172896,0.8625989412698412
s0459,autochthon_left,0.8046,0.8406507093072295,0.8221035145502642
s0459,autochthon_right,0.7203,0.8122249539626473,0.8096308384920632
s0459,colon,0.1713,0.4833292286779466,0.5059300586940836
s0459,gluteus_maximus_left,0.5124,0.6930557743560809,0.7918892199735454
s0459,gluteus_maximus_right,0.7097,0.8207217969110484,0.8085347189393942
s0459,gluteus_medius_left,0.524,0.6569598349662539,0.7505807068783071
s0459,gluteus_medius_right,0.3339,0.7973014691213758,0.808657422751323
s0459,gluteus_minimus_left,0.0,0.002941443468898246,0.05461225634920638
s0459,hip_left,0.7297,0.7992155048275703,0.7928423158730156
s0459,hip_right,0.78,0.8129986122103644,0.7968080317460315
s0459,iliac_artery_left,0.0,0.13755897077138837,0.1882273411375661
s0459,iliac_artery_right,0.0,0.1367557133479409,0.1845046854497355
s0459,iliac_vena_left,0.4927,0.4907887866671375,0.40728752460317463
s0459,iliac_vena_right,0.4404,0.40038365046352575,0.41405446679894187
s0459,iliopsoas_left,0.1797,0.7030374443736159,0.7324556723544977
s0459,iliopsoas_right,0.2456,0.5819949932458524,0.6830360006613755
s0459,intervertebral_discs,0.6864,0.5238589163564321,0.566289400661376
s0459,sacrum,0.7176,0.8160753427781721,0.8380156249999998
s0459,small_bowel,0.0,0.1219249668300045,0.2084589503968254
s0459,spinal_cord,0.7139,0.582261707429956,0.6665963216931213
s0459,vertebrae,0.2476,0.3726356907130774,0.37889800343915364
s0342,adrenal_gland_left,0.742,0.4507977129493561,0.5563450718253972
s0342,adrenal_gland_right,0.711,0.6006452857912437,0.6400465154761903
s0342,aorta,0.807,0.8121482586475754,0.8119577027777783
s0342,autochthon_left,0.9034,0.9304930789745285,0.9322534785714283
s0342,autochthon_right,0.8704,0.9197652443546955,0.9034394685185183
s0342,colon,0.8565,0.6882184585171689,0.7341990768518512
s0342,duodenum,0.7484,0.6132570460098927,0.624703496957672
s0342,esophagus,0.7799,0.5048631441870224,0.5567137138888886
s0342,gallbladder,0.8235,0.6726653226022971,0.7367461375661384
s0342,gluteus_maximus_left,0.0,0.5632186378588117,0.5832859896825395
s0342,gluteus_maximus_right,0.0,0.5219333802801472,0.5369264732323229
s0342,gluteus_medius_left,0.0,0.7569898985118776,0.6774709579365075
s0342,gluteus_medius_right,0.0,0.7679212447360251,0.6236911390211639
s0342,heart,0.82,0.8883912241080979,0.898260743253968
s0342,hip_left,0.783,0.7529332854368406,0.717825074206349
s0342,hip_right,0.4736,0.5793337215218006,0.5427349921717178
s0342,iliac_artery_left,0.871,0.5971441055152371,0.5463956156084656
s0342,iliac_artery_right,0.7841,0.7055089353437872,0.6197523330687829
s0342,iliac_vena_left,0.789,0.5332032330455571,0.5982061896825395
s0342,iliac_vena_right,0.755,0.670494584253893,0.6262049039682539
s0342,iliopsoas_left,0.9106,0.8232812038089864,0.8096685392857139
s0342,iliopsoas_right,0.8805,0.787345738408616,0.793802819672919
s0342,inferior_vena_cava,0.7164,0.8620741224412165,0.8056713405723908
s0342,intervertebral_discs,0.8057,0.734010385949199,0.7301458854497355
s0342,kidney_left,0.9204,0.922598195709273,0.8857279416666661
s0342,kidney_right,0.9412,0.8536074434006093,0.8763579023809528
s0342,liver,0.9635,0.8924098874881538,0.9312243896825397
s0342,lung_left,0.8847,0.9109226699491588,0.8719986470899463
s0342,lung_right,0.9183,0.9559977539416729,0.9532368066137564
s0342,pancreas,0.7685,0.6875510369587684,0.730575824819625
s0342,portal_vein_and_splenic_vein,0.748,0.547904531502856,0.5874505722222224
s0342,sacrum,0.6398,0.6856131278752382,0.6806398424603177
s0342,small_bowel,0.7357,0.7330896081714962,0.7545830797619046
s0342,spinal_cord,0.7374,0.6297088429697832,0.7056416845238096
s0342,spleen,0.9217,0.8028680816690017,0.8341206763227518
s0342,stomach,0.9261,0.9322573556567965,0.8583259130952379
s0342,vertebrae,0.8095,0.8361854594311623,0.8293123277777781
s0002,adrenal_gland_left,0.1,0.42111957542543077,0.3705907925925924
s0002,adrenal_gland_right,0.4185,0.42007290225390287,0.5672971835257331
s0002,aorta,0.6104,0.6626762757606298,0.6402726082010589
s0002,autochthon_left,0.897,0.876121089731265,0.8744471300264552
s0002,autochthon_right,0.8303,0.8923968307045078,0.8870654023809531
s0002,colon,0.5879,0.8238848565437333,0.7799519371693127
s0002,duodenum,0.1013,0.41621591197693186,0.38028984775132246
s0002,esophagus,0.6136,0.49272203283497296,0.48324707936507927
s0002,heart,0.8789,0.9670336328595022,0.9174704367928369
s0002,iliopsoas_left,0.6684,0.7880587315466604,0.6227782456349201
s0002,iliopsoas_right,0.6282,0.7294877646120815,0.7396338673280423
s0002,inferior_vena_cava,0.0854,0.23230975798158718,0.3388903210317464
s0002,intervertebral_discs,0.7672,0.7545441422978889,0.7646430591269839
s0002,kidney_left,0.9214,0.8838443169247117,0.8633443687830687
s0002,kidney_right,0.9128,0.8765770342744974,0.8940751370370369
s0002,liver,0.8858,0.932099875570783,0.9119726187830695
s0002,lung_left,0.9291,0.9421623156775709,0.9416570387566143
s0002,lung_right,0.911,0.8690787126597783,0.9046022271164021
s0002,pancreas,0.0363,0.4868133782573112,0.636937078174603
s0002,portal_vein_and_splenic_vein,0.0161,0.5939829148284163,0.5431144570105818
s0002,small_bowel,0.2913,0.6704053768535202,0.7368454428571427
s0002,spinal_cord,0.8977,0.7839962916891146,0.8471655117845124
s0002,spleen,0.879,0.8566723592350536,0.895637419047619
s0002,stomach,0.2367,0.586630107561302,0.6520478236772488
s0002,vertebrae,0.8333,0.8140253760648156,0.8193635223544976
s0015,adrenal_gland_left,0.5708,0.8679833673408565,0.725281560978836
s0015,aorta,0.8417,0.7624918890502983,0.7746181998677251
s0015,autochthon_left,0.9389,0.9141515214100067,0.9063550837301584
s0015,autochthon_right,0.9364,0.8990940269940704,0.9096281186507936
s0015,colon,0.818,0.7040671503330623,0.7500562702380954
s0015,duodenum,0.027,0.3483786617377649,0.412757201082251
s0015,gallbladder,0.7102,0.817187365017209,0.7842814563492063
s0015,gluteus_medius_left,0.5899,0.6082604163613615,0.4024939456349206
s0015,gluteus_medius_right,0.8879,0.5786429761158706,0.6425790759259256
s0015,hip_left,0.6414,0.5795437274565017,0.5178425658730164
s0015,hip_right,0.6625,0.6970909369912033,0.7140342865079363
s0015,iliac_artery_left,0.7332,0.7280873472102967,0.5363260170634924
s0015,iliac_artery_right,0.4249,0.13267754950284022,0.1456461314814815
s0015,iliac_vena_left,0.5184,0.49371727653285563,0.40473251388888876
s0015,iliac_vena_right,0.3973,0.44519980037581347,0.3847709902116399
s0015,iliopsoas_left,0.7142,0.7895039746757222,0.7927299466931214
s0015,iliopsoas_right,0.804,0.8728533672698162,0.8482028626984123
s0015,inferior_vena_cava,0.322,0.7066201328532763,0.6306518233164984
s0015,intervertebral_discs,0.8613,0.8535260852203662,0.8063995326719572
s0015,kidney_left,0.2091,0.7589062905415552,0.8385843998677243
s0015,kidney_right,0.0,0.0,0.050851423015873046
s0015,liver,0.9133,0.9158195748915194,0.9350637298941803
s0015,lung_left,0.7613,0.6938569465336277,0.7193284960317466
s0015,lung_right,0.8318,0.7214013050894746,0.725428500685426
s0015,pancreas,0.3678,0.6148052555017682,0.6829795971001218
s0015,portal_vein_and_splenic_vein,0.4569,0.2933549371035281,0.20622410436507935
s0015,small_bowel,0.6803,0.7428164752653724,0.7626256563492064
s0015,spinal_cord,0.888,0.8926975959648447,0.8459127538359786
s0015,spleen,0.9202,0.8290946835856354,0.9298005734126987
s0015,stomach,0.5614,0.7634855699367304,0.7410164435185181
s0015,vertebrae,0.886,0.8960088773198519,0.8541621269841269
s0143,adrenal_gland_left,0.6597,0.6875217405315068,0.5881861955026454
s0143,adrenal_gland_right,0.7535,0.7384623310377618,0.5622317399470902
s0143,aorta,0.8597,0.8618060676605322,0.8150423542688792
s0143,autochthon_left,0.9436,0.8934038975446931,0.9070170645502643
s0143,autochthon_right,0.9441,0.8808410018668082,0.889228980423281
s0143,colon,0.9102,0.7866833092447958,0.8075409457671964
s0143,duodenum,0.8839,0.7859958114876203,0.7824555068783076
s0143,esophagus,0.8358,0.8342057872878813,0.754268472883598
s0143,gallbladder,0.891,0.8783251332706615,0.776987518121693
s0143,heart,0.9521,0.8766586490314511,0.9225928052910057
s0143,iliopsoas_left,0.8679,0.8268897608269882,0.8498418326719576
s0143,iliopsoas_right,0.8729,0.8484190221290765,0.8445087772486772
s0143,inferior_vena_cava,0.8375,0.8432160444956688,0.8043233695767191
s0143,intervertebral_discs,0.8809,0.709675817090393,0.7351241124338621
s0143,kidney_left,0.8753,0.7804075279063463,0.8291463194444443
s0143,kidney_right,0.8807,0.8110397655749654,0.8463569436507937
s0143,liver,0.9179,0.9666132407430482,0.9211567190476192
s0143,lung_left,0.9521,0.9387946775338425,0.9373040055555557
s0143,lung_right,0.9645,0.9584018036465736,0.9395545494708983
s0143,pancreas,0.445,0.7431974643797988,0.741071243518518
s0143,portal_vein_and_splenic_vein,0.7235,0.7025190736828245,0.6254557033068787
s0143,small_bowel,0.8943,0.8425050599246032,0.7747684482804236
s0143,spinal_cord,0.9055,0.8450349565585388,0.836783658465608
s0143,spleen,0.9058,0.8663866383849268,0.8648389761904762
s0143,stomach,0.9245,0.86820801181198,0.8553629969576716
s0143,vertebrae,0.914,0.8028793898519444,0.8227257477513223
s0367,adrenal_gland_left,0.7913,0.6707266050205106,0.49546252275132247
s0367,adrenal_gland_right,0.7748,0.5058038114369066,0.4400603202380953
s0367,aorta,0.6712,0.5708120902574276,0.47335565105820127
s0367,autochthon_left,0.9195,0.7234940028747019,0.7962255534391536
s0367,autochthon_right,0.8819,0.7790556298824836,0.7839564686507938
s0367,colon,0.6437,0.36873348811515677,0.49352135317460316
s0367,duodenum,0.8072,0.6042661076457349,0.6187941974867721
s0367,esophagus,0.7885,0.5679067940872166,0.5491230582010579
s0367,heart,0.898,0.8533940659556751,0.7891210790524288
s0367,iliopsoas_left,0.6788,0.5173687040681352,0.4957983115079367
s0367,iliopsoas_right,0.8705,0.7513194486838658,0.6653407876984133
s0367,inferior_vena_cava,0.52,0.44908329838950317,0.40406303478836
s0367,intervertebral_discs,0.6903,0.5965921298967272,0.5576365948412697
s0367,kidney_left,0.9192,0.7458210129258355,0.7848578183862428
s0367,kidney_right,0.9209,0.7833992707236053,0.7921757499999995
s0367,liver,0.9373,0.9398989684433697,0.9029422797619056
s0367,lung_left,0.915,0.7751314126611407,0.8037429859788358
s0367,lung_right,0.9245,0.8664436270968451,0.8289331745550741
s0367,pancreas,0.5803,0.7297249059463987,0.5622139064814815
s0367,portal_vein_and_splenic_vein,0.4324,0.35424772823598377,0.46132164986772484
s0367,small_bowel,0.8171,0.5890721870805447,0.6495555177248677
s0367,spinal_cord,0.8872,0.7857196293228993,0.6736505968253966
s0367,spleen,0.9193,0.828792586208332,0.8265688579365086
s0367,stomach,0.866,0.6820479939945587,0.6880095658730153
s0367,vertebrae,0.821,0.6472912231564651,0.6788459863756623
s0042,adrenal_gland_left,0.7463,0.6467728506266582,0.4701189154761904
s0042,adrenal_gland_right,0.478,0.5437693835359116,0.5252693421957677
s0042,aorta,0.839,0.8357405111784608,0.8170212769841269
s0042,autochthon_left,0.9479,0.9453656680518226,0.928411587301587
s0042,autochthon_right,0.9443,0.9063177577031667,0.930275092063491
s0042,colon,0.8663,0.6729345071157293,0.7083733329365077
s0042,duodenum,0.799,0.703460782433049,0.7499532519841269
s0042,gallbladder,0.8056,0.5815495866864709,0.6391465273809519
s0042,iliac_artery_left,0.0,0.0,0.04799809444444445
s0042,iliopsoas_left,0.8753,0.8660583961020762,0.8310512465608462
s0042,iliopsoas_right,0.875,0.8647360105331513,0.8163753243386241
s0042,inferior_vena_cava,0.8285,0.7539782641663907,0.775038342063492
s0042,intervertebral_discs,0.7289,0.6226123807786446,0.711629897222222
s0042,kidney_left,0.9158,0.9059250505146548,0.8882822515873018
s0042,kidney_right,0.9061,0.8717485504041176,0.880628941137566
s0042,liver,0.8435,0.8651066320477927,0.9004063154761898
s0042,lung_right,0.5993,0.3960077722182649,0.2814429820105819
s0042,pancreas,0.594,0.5992877451838107,0.6622902230158726
s0042,portal_vein_and_splenic_vein,0.8329,0.596291382092705,0.5197456825396825
s0042,small_bowel,0.8894,0.8607836067781666,0.8022247190476193
s0042,spinal_cord,0.8384,0.8675640763569037,0.8382393238095235
s0042,spleen,0.8111,0.7892529339533587,0.7729422376984125
s0042,stomach,0.7784,0.7523092162334354,0.5817468798701299
s0042,vertebrae,0.8294,0.8014695602748653,0.8072771707671965
s0395,clavicula_left,0.3533,0.35594884203325006,0.4215417071428575
s0395,humerus_left,0.8318,0.6146069196777806,0.7037095353896106
s0395,scapula_left,0.4648,0.5914035948094417,0.591786916005291
