subject,organ,iou,q10,q50,q90,width,inside80
s0316,adrenal_gland_left,0.4225,0.42860427542736834,0.675527936602976,0.7405427396422369,0.3119384642148686,0
s0316,adrenal_gland_right,0.7915,0.3689012099149635,0.48082422566485905,0.6418022981608719,0.27290108824590836,0
s0316,aorta,0.8459,0.6099131425712793,0.7842899777750981,0.8062668093860944,0.19635366681481514,0
s0316,autochthon_left,0.9065,0.9381001923794708,0.9193766282549499,0.971852366448726,0.033752174069255125,0
s0316,autochthon_right,0.8492,0.9163409843779199,0.8869705373125355,0.9247712223205359,0.008430237942615992,0
s0316,colon,0.583,0.291179942122431,0.603158045307588,0.7792414135534232,0.48806147143099227,1
s0316,duodenum,0.7838,0.6072076287301321,0.7409211012033167,0.8502256819093796,0.24301805317924752,1
s0316,esophagus,0.7201,0.3677525662995334,0.5831117280912604,0.6092206390534489,0.24146807275391552,0
s0316,gallbladder,0.0,5.3795891840719083e-20,0.0,0.11109289527230093,0.11109289527230093,0
s0316,gluteus_medius_left,0.2542,0.6456575660342158,0.7150925350134233,0.8541681334230853,0.20851056738886953,0
s0316,gluteus_medius_right,0.1145,0.22915798969669418,0.2766411252754563,0.5221093405664176,0.29295135086972335,0
s0316,gluteus_minimus_right,0.1169,0.3459131731964653,0.513812713402936,0.7560458340605348,0.4101326608640695,0
s0316,heart,0.8022,0.7768227614554123,0.8574043307960361,0.9154994910977035,0.13867672964229116,1
s0316,hip_left,0.5888,0.7917855994200516,0.7826948257775754,0.8444638475840079,0.05267824816395639,0
s0316,hip_right,0.6442,0.7910229058363976,0.7865121509370729,0.8462852734047405,0.05526236756834291,0
s0316,iliac_artery_left,0.6371,0.3483418803502209,0.5384035608445048,0.5392525998571798,0.19091071950695887,0
s0316,iliac_artery_right,0.662,0.43934182307261155,0.5285993000427816,0.6288376054865262,0.18949578241391468,0
s0316,iliac_vena_left,0.0,5.3795891840719083e-20,0.0055353092784694085,0.18440224419616946,0.18440224419616946,0
s0316,iliac_vena_right,0.3625,0.19540265944479404,0.3191848721720999,0.44094161849499247,0.24553895905019843,1
s0316,iliopsoas_left,0.8199,0.8535295828098831,0.8828686375089966,0.8959956753455726,0.04246609253568945,0
s0316,iliopsoas_right,0.774,0.9093594486309771,0.927396505406295,0.9180451030413782,0.008685654410401145,0
s0316,inferior_vena_cava,0.852,0.7235887195154903,0.8474687096334105,0.8790399505621593,0.15545123104666903,1
s0316,intervertebral_discs,0.7281,0.7431364422655308,0.7672208282547975,0.838577173424466,0.09544073115893525,0
s0316,kidney_left,0.9084,0.8804077617907574,0.8581378313511748,0.9243071055370734,0.04389934374631599,1
s0316,kidney_right,0.3709,0.882871117771848,0.8477845873462462,0.8849156233401269,0.0020445055682788427,0
s0316,liver,0.8384,0.8477984318397055,0.8855864353985192,0.9377623224129192,0.08996389057321375,0
s0316,lung_left,0.9289,0.9416479663142195,0.9636199971152049,0.9703568674966411,0.02870890118242153,0
s0316,lung_right,0.9256,0.9316388010761925,0.9328746782079377,0.9597599692688545,0.028121168192662083,0
s0316,pancreas,0.5585,0.5211483772464344,0.7586690628546193,0.8163568134185799,0.29520843617214554,1
s0316,portal_vein_and_splenic_vein,0.6446,0.2842590959269142,0.5772127413867777,0.6742931273967129,0.3900340314697987,1
s0316,sacrum,0.7512,0.7872984965238786,0.7240918179091328,0.8610441232638381,0.07374562673995944,0
s0316,small_bowel,0.7881,0.5625503276097175,0.6648383593783369,0.7990433285402546,0.23649300093053716,1
s0316,spinal_cord,0.8043,0.8306131790075847,0.8067452502870835,0.8574000236140418,0.026786844606457083,0
s0316,spleen,0.8617,0.8050705922156748,0.8136112100037322,0.9168036444306784,0.11173305221500363,1
s0316,stomach,0.8425,0.6058969042853779,0.8030822889149343,0.8525603296198088,0.24666342533443086,1
s0316,urinary_bladder,0.0997,0.2830653610800209,0.5217432113725047,0.7408298782185876,0.4577645171385667,0
s0316,vertebrae,0.8383,0.8653517535601254,0.8516813593975477,0.8946203546572417,0.029268601097116265,0
s0142,aorta,0.1449,0.5713502181357055,0.6953766283901932,0.8507976478947916,0.2794474297590861,0
s0142,autochthon_left,0.4409,0.4093497637136768,0.7063691083461566,0.7613386431214973,0.35198887940782053,1
s0142,autochthon_right,0.3716,0.329452084627817,0.6037672428854037,0.79190379776381,0.46245171313599304,1
s0142,clavicula_left,0.0,0.0,0.001691193742085112,0.4178403308018369,0.4178403308018369,1
s0142,esophagus,0.128,0.09197700910864302,0.2076550788121181,0.3969667075665255,0.3049896984578825,1
s0142,iliopsoas_left,0.0,4.966961553280304e-20,0.14910384424749126,0.4512515503450557,0.4512515503450557,0
s0142,inferior_vena_cava,0.0,0.07045830931043068,0.1268857537722389,0.5201520408380106,0.4496937315275799,0
s0142,intervertebral_discs,0.8074,0.7781129931507372,0.7986997473820684,0.7969297002320511,0.018816707081313888,0
s0142,lung_left,0.0,0.2054358624653089,0.24369771651887884,0.5396804275079131,0.33424456504260425,0
s0142,spinal_cord,0.8683,0.7897177995064351,0.8928009692587846,0.866255823084699,0.07653802357826389,0
s0142,vertebrae,0.8917,0.8016398028339135,0.8555220783426934,0.8905939636590108,0.08895416082509733,0
s0515,adrenal_gland_left,0.8278,0.369308185160006,0.658134529724015,0.7250741174472057,0.3557659322871997,0
s0515,adrenal_gland_right,0.7756,0.24646718541312518,0.500934704057794,0.6569232931408089,0.4104561077276837,0
s0515,aorta,0.8947,0.8383939094417947,0.8997704074450602,0.898491116105444,0.06009720666364926,1
s0515,autochthon_left,0.9339,0.7762069474313376,0.8653784060976784,0.9184772264715655,0.14227027904022793,0
s0515,autochthon_right,0.9256,0.7824687621820483,0.8785761763557303,0.9229248776660646,0.14045611548401626,0
s0515,clavicula_left,0.5139,0.3336344444871009,0.6747196692072882,0.7303502144788583,0.3967157699917574,1
s0515,clavicula_right,0.5591,0.13960639105011216,0.4473472829063767,0.596687122651292,0.4570807316011798,1
s0515,colon,0.9227,0.6148601128222086,0.782512890252425,0.8989825365054195,0.28412242368321083,0
s0515,duodenum,0.9007,0.6526248916707174,0.8322358938017015,0.8504886580878225,0.19786376641710512,0
s0515,esophagus,0.781,0.6159240395113549,0.7914087095879864,0.8190600494850995,0.2031360099737446,1
s0515,gallbladder,0.8282,0.44190420699870164,0.7101973358972615,0.8413555378747188,0.3994513308760172,1
s0515,heart,0.824,0.82931483452683,0.8792810096715103,0.9312182567269246,0.10190342220009463,0
s0515,humerus_left,0.8172,0.5858959763092267,0.8547013851910331,0.8816816731959225,0.29578569688669576,1
s0515,humerus_right,0.7462,0.4951531793077777,0.6853618664724569,0.856221149681541,0.36106797037376326,1
s0515,inferior_vena_cava,0.91,0.8354638132538778,0.8372543636533412,0.8675693536114154,0.032105540357537654,0
s0515,intervertebral_discs,0.3993,0.7445681790774462,0.819887383824476,0.781841100320431,0.03727292124298476,0
s0515,kidney_left,0.9317,0.7391221496892021,0.8153936431552002,0.888930432590735,0.14980828290153292,0
s0515,kidney_right,0.7831,0.7604006593472727,0.8087010150670124,0.8388945990798258,0.07849393973255303,1
s0515,liver,0.9571,0.9147270209608792,0.9529199747520011,0.963984917881976,0.04925789692109683,1
s0515,lung_left,0.9657,0.9401826036758044,0.9708766368149727,0.9656049762993034,0.025422372623499,0
s0515,lung_right,0.9673,0.9226204913620616,0.9620784155679329,0.9745789378545383,0.05195844649247672,1
s0515,pancreas,0.8882,0.7196962609511003,0.8536531321563825,0.8530460312621111,0.1333497703110108,0
s0515,portal_vein_and_splenic_vein,0.8507,0.5778415201548336,0.747943022988655,0.77086919519903,0.19302767504419638,0
s0515,scapula_left,0.6557,0.6304512398696669,0.6974921791093455,0.7399654611536548,0.10951422128398791,1
s0515,scapula_right,0.6546,0.6855199392336098,0.7663138432635621,0.7755346666554512,0.09001472742184147,0
s0515,small_bowel,0.9036,0.7592127108579481,0.895705269043566,0.8715165678108957,0.11230385695294764,0
s0515,spinal_cord,0.8713,0.7827041367489939,0.8462959630975307,0.8857343439026933,0.10303020715369948,1
s0515,spleen,0.9523,0.8072524245688588,0.8835716648817781,0.9089900177512634,0.1017375931824046,0
s0515,stomach,0.9338,0.8267580765692409,0.8875275904491756,0.9040214801326912,0.0772634035634503,0
s0515,vertebrae,0.6486,0.8659257915922832,0.8396650480521675,0.8740895931818172,0.008163801589534003,0
s0615,brain,0.9721,0.941832168351008,0.9501835170876908,0.9678056316198647,0.025973463268856634,0
s0615,spinal_cord,0.3057,0.28944805662929746,0.6227095993995059,0.7156699221133208,0.42622186548402335,1
s0615,vertebrae,0.4679,0.4233856020254947,0.740877970300486,0.7796874451202785,0.35630184309478385,1
s0397,brain,0.9137,0.9265662854569364,0.9102666436704577,0.9450595565764802,0.018493271119543797,0
s0397,intervertebral_discs,0.422,0.07637790505444533,0.35220045194477634,0.6725949669718901,0.5962170619174448,1
s0397,spinal_cord,0.8168,0.5849612995226854,0.7828098691100858,0.8179827429426051,0.2330214434199197,1
s0397,vertebrae,0.6767,0.4127659821323644,0.5951750087733464,0.7632856040412348,0.3505196219088704,1
s0355,adrenal_gland_left,0.3134,0.2862140134442055,0.4284281273672085,0.6656561739169259,0.3794421604727204,1
s0355,adrenal_gland_right,0.7315,0.24288697187989414,0.46047244454720887,0.6262179920311811,0.38333102015128695,0
s0355,aorta,0.8563,0.8576498252039568,0.8518661794141499,0.9036693508466904,0.046019525642733594,0
s0355,autochthon_left,0.9378,0.9301100851563168,0.9283879284449267,0.935780255996947,0.005670170840630262,0
s0355,autochthon_right,0.9368,0.9211930003022352,0.9450938422055016,0.941397328800145,0.020204328497909874,1
s0355,colon,0.8264,0.8525027930292451,0.880112103744911,0.8996133932325318,0.04711060020328661,0
s0355,duodenum,0.6438,0.41640478979872,0.5538262639801614,0.6785166967728454,0.26211190697412545,1
s0355,esophagus,0.5935,0.5053297463995767,0.7566362522365171,0.7879048002037461,0.28257505380416936,1
s0355,gallbladder,0.8494,0.4196508808267181,0.6868641782610947,0.7645892889728746,0.3449384081461565,0
s0355,gluteus_maximus_left,0.713,0.22767172756500734,0.3299541385719208,0.6790150861110643,0.451343358546057,0
s0355,gluteus_medius_left,0.8991,0.7301287057538692,0.8749610607242522,0.8472812725419409,0.11715256678807162,0
s0355,gluteus_medius_right,0.9166,0.7266584718369433,0.8527099060006161,0.8723057958603622,0.14564732402341884,0
s0355,heart,0.9144,0.8468192939193286,0.9237115247702644,0.9249776195863089,0.07815832566698022,1
s0355,hip_left,0.7047,0.7088982209433258,0.7255920341697462,0.7885256239498876,0.07962740300656179,0
s0355,hip_right,0.7352,0.6649471106488795,0.7793028099662751,0.8199104813812608,0.1549633707323813,1
s0355,iliac_artery_left,0.497,0.5828901724313149,0.6570171001498952,0.7535135099258232,0.1706233374945083,0
s0355,iliac_artery_right,0.0,0.25046255792467587,0.38322192173223807,0.5295177710274109,0.27905521310273507,0
s0355,iliac_vena_left,0.7582,0.596353062069062,0.6789918957409045,0.7923703699830781,0.19601730791401606,1
s0355,iliac_vena_right,0.7586,0.7073080730877496,0.63941732342681,0.8276839876067728,0.12037591451902319,1
s0355,iliopsoas_left,0.8876,0.8292552259253856,0.872859840546347,0.8734584899584742,0.04420326403308861,0
s0355,iliopsoas_right,0.849,0.7516127111336127,0.8099311004215143,0.8653759402515764,0.11376322911796366,1
s0355,inferior_vena_cava,0.845,0.7780806517734545,0.8375317214493861,0.8740622406639307,0.09598158889047614,1
s0355,intervertebral_discs,0.7193,0.820676070085202,0.8182945402597038,0.8445748492967695,0.023898779211567467,0
s0355,kidney_left,0.8661,0.8650585848997844,0.8942605594581857,0.9163768960469217,0.05131831114713736,1
s0355,kidney_right,0.8668,0.7716888318328494,0.8834101770376807,0.9095760128180155,0.13788718098516606,1
s0355,liver,0.9562,0.8802553589100783,0.9161675777659337,0.9493519714489324,0.06909661253885402,0
s0355,lung_left,0.8747,0.8536734224086862,0.9101508082535024,0.9279965465633077,0.0743231241546215,1
s0355,lung_right,0.9584,0.9337362720963105,0.9507750275146062,0.9642952653468151,0.030558993250504596,1
s0355,pancreas,0.4419,0.5410963273658995,0.5371569624243445,0.7367473677256058,0.19565104035970626,0
s0355,portal_vein_and_splenic_vein,0.0745,0.14533335058262906,0.18093432521401787,0.3461762724091126,0.20084292182648353,0
s0355,sacrum,0.3532,0.126032188595793,0.4696007402021765,0.6971288804697484,0.5710966918739554,1
s0355,small_bowel,0.7541,0.7115762203734026,0.8126392356985277,0.84328511413607,0.13170889376266737,1
s0355,spinal_cord,0.874,0.8476519695088113,0.861723710373615,0.8921223834060674,0.044470413897256145,1
s0355,spleen,0.9176,0.6765433824962855,0.7987117670560919,0.890085166986509,0.21354178449022343,0
s0355,stomach,0.8786,0.888591187635027,0.9022895813736997,0.8984550441813274,0.009863856546300398,0
s0355,vertebrae,0.8116,0.8589293528665929,0.83088085765413,0.8971160982737753,0.038186745407182365,0
s0547,adrenal_gland_left,0.7017,0.3956689170618837,0.6809852270799072,0.6235143159452344,0.22784539888335076,0
s0547,adrenal_gland_right,0.8118,0.19424563888579185,0.531281653886751,0.6869205606064291,0.4926749217206373,0
s0547,aorta,0.9154,0.8863578543859277,0.8839129863643562,0.8974923231441414,0.011134468758213667,0
s0547,autochthon_left,0.8861,0.7756873188811567,0.7888335924740129,0.9090623895073288,0.13337507062617204,1
s0547,autochthon_right,0.8882,0.7806716639583643,0.7894593634055561,0.9048303370589545,0.12415867310059026,1
s0547,clavicula_left,0.7015,0.28176697088439173,0.44622770980834064,0.6804238716520891,0.39865690076769733,0
s0547,clavicula_right,0.746,0.5009255735544355,0.5177452754531429,0.6651952580598778,0.16426968450544233,0
s0547,colon,0.8442,0.7183682292477563,0.8561338993173024,0.8675671025448378,0.14919887329708148,1
s0547,duodenum,0.8396,0.5446224120708529,0.6967285084414118,0.7578879649577105,0.21326555288685756,0
s0547,esophagus,0.8007,0.5245637454459444,0.6834327437594647,0.7132505497834515,0.18868680433750706,0
s0547,gallbladder,0.8858,0.532809854107267,0.7124422035336309,0.804065325764872,0.271255471657605,0
s0547,heart,0.9111,0.87707698530985,0.8245214342069128,0.9101015470288847,0.03302456171903467,0
s0547,humerus_left,0.8437,0.6779197712599632,0.791706398779871,0.8386072014833745,0.16068743022341136,0
s0547,humerus_right,0.8281,0.7582049816938816,0.8034988130376013,0.8924079748237224,0.13420299312984074,1
s0547,inferior_vena_cava,0.8235,0.5307971570203871,0.7043285023069623,0.8153549589570127,0.2845578019366256,0
s0547,intervertebral_discs,0.7962,0.5874640008579545,0.7813801801075707,0.7877300450063008,0.20026604414834637,0
s0547,kidney_left,0.9196,0.45525555418471064,0.7587727178567844,0.7974514548454325,0.3421959006607218,0
s0547,kidney_right,0.8761,0.15118100621651184,0.5553554847987361,0.6760218549201912,0.5248408487036793,0
s0547,liver,0.9523,0.8558352764190311,0.9204152054255633,0.9420702375906314,0.08623496117160023,0
s0547,lung_left,0.9564,0.8734441101500016,0.9221418625205422,0.9437899509212102,0.07034584077120865,0
s0547,lung_right,0.9713,0.9025436865003432,0.9706432315926115,0.9712548674267438,0.0687111809264006,0
s0547,pancreas,0.8398,0.8167451410710672,0.8544271287025232,0.8736334273719623,0.05688828630089504,1
s0547,portal_vein_and_splenic_vein,0.7097,0.41027261531053116,0.5471443203721403,0.7001330585240778,0.28986044321354665,0
s0547,scapula_left,0.6506,0.5384593642243973,0.6511545287567014,0.7546563799473506,0.21619701572295325,1
s0547,scapula_right,0.731,0.5209319283751417,0.5800682465883173,0.7311369131403949,0.21020498476525318,1
s0547,small_bowel,0.8835,0.5367136366554918,0.7051277529105697,0.7758426037940681,0.23912896713857634,0
s0547,spinal_cord,0.87,0.6606742950792563,0.8441061576693837,0.8409321289937473,0.1802578339144909,0
s0547,spleen,0.9495,0.8424130900144314,0.8707901512038987,0.9382013755310215,0.09578828551659002,0
s0547,stomach,0.8655,0.8693117081531422,0.8923739396507501,0.9142276680113156,0.044915959858173427,0
s0547,vertebrae,0.8407,0.7130802136601241,0.7776275111022922,0.8404832625149637,0.12740304885483966,0
s0592,aorta,0.7474,0.6501511169419554,0.6904310516821758,0.8696131018857806,0.21946198494382518,1
s0592,autochthon_left,0.8523,0.6994138670143987,0.8835232059750867,0.9130566334251777,0.21364276641077906,1
s0592,autochthon_right,0.8178,0.7818621319828534,0.8944867698667983,0.9157176811519147,0.13385554916906128,1
s0592,colon,0.4931,0.14774114847806016,0.3124553422741566,0.7430385262921074,0.5952973778140472,1
s0592,gluteus_maximus_right,0.0,0.001966605820758245,0.10446308475194714,0.4113783728908488,0.4094117670700905,0
s0592,hip_left,0.5507,0.30126694146599925,0.6440467999809776,0.7611644348480496,0.4598974933820504,1
s0592,hip_right,0.3349,0.32732630527977064,0.6143134633197329,0.7721031803156744,0.44477687503590374,1
s0592,iliac_artery_left,0.0,0.010124726320113691,0.16332096026173426,0.456253233227941,0.4461285069078273,0
s0592,iliac_artery_right,0.0,0.017153916090304304,0.212156357335044,0.2614641459521232,0.24431022986181888,0
s0592,iliac_vena_left,0.3029,0.0,0.03867129063003227,0.44165843726420306,0.44165843726420306,1
s0592,iliopsoas_left,0.837,0.5833776844061672,0.8147792750833656,0.9046355263915424,0.3212578419853752,1
s0592,iliopsoas_right,0.8773,0.6149504268480442,0.805709205804014,0.8910364581126029,0.27608603126455866,1
s0592,inferior_vena_cava,0.4216,0.2580949087628375,0.3562368265982695,0.6913878822740448,0.43329297351120727,1
s0592,intervertebral_discs,0.8689,0.6983435445555592,0.7774799424637273,0.8463126623218262,0.14796911776626698,0
s0592,sacrum,0.8505,0.7702154585974124,0.8569450419207678,0.897215054670622,0.12699959607320965,1
s0592,spinal_cord,0.8913,0.716832697904287,0.8027479203597294,0.8592609937604201,0.14242829585613304,0
s0592,vertebrae,0.906,0.7679400537548952,0.8165254251265182,0.8756953160823427,0.10775526232744759,0
s0293,adrenal_gland_left,0.6494,0.3151434550827002,0.6106002402207368,0.7578149771402153,0.4426715220575151,1
s0293,adrenal_gland_right,0.5699,0.09944911674863369,0.3955777937345941,0.6606830220051801,0.5612339052565465,1
s0293,aorta,0.8227,0.6766926357998022,0.8225238004878934,0.8330274963943629,0.1563348605945607,1
s0293,autochthon_left,0.9396,0.8806803201285942,0.9314753671459737,0.9234366613834386,0.0427563412548444,0
s0293,autochthon_right,0.9408,0.8667074668337793,0.9090005325395665,0.9233179744244879,0.056610507590708625,0
s0293,colon,0.8157,0.3143539468768557,0.4885933815991493,0.726940651441289,0.41258670456443336,0
s0293,duodenum,0.5757,0.6259256459709748,0.7416317727700416,0.7922936030270381,0.16636795705606333,0
s0293,esophagus,0.73,0.7083609907473565,0.80384408529059,0.8086975354031265,0.10033654465577002,1
s0293,gallbladder,0.5723,0.4152500927020445,0.6328736348305906,0.7834805107260566,0.36823041802401213,1
s0293,heart,0.9323,0.8415934244697298,0.9087411012526883,0.9246248823814015,0.08303145791167166,0
s0293,iliopsoas_left,0.7476,0.6419203563522529,0.7836919049050046,0.8410520753816785,0.1991317190294256,1
s0293,iliopsoas_right,0.5736,0.27246826548458025,0.5214782193756333,0.7094387470829209,0.4369704815983406,1
s0293,inferior_vena_cava,0.8267,0.7550129936284145,0.816406701621132,0.843209765099155,0.08819677147074056,1
s0293,intervertebral_discs,0.7873,0.565018907634805,0.7518402389802992,0.8145695421189407,0.24955063448413572,1
s0293,kidney_left,0.863,0.7849431654663528,0.8689867983867346,0.8717378409763066,0.08679467550995379,1
s0293,kidney_right,0.7897,0.7969970342200082,0.8212788616410114,0.8812596528136754,0.08426261859366713,0
s0293,liver,0.8878,0.8777426770668392,0.8819639702170213,0.9230597651968729,0.04531708813003377,1
s0293,lung_left,0.9477,0.8995676107162317,0.9357322118145288,0.9420069158115769,0.042439305095345214,0
s0293,lung_right,0.9575,0.908367771493332,0.9400511431788253,0.9503530046926912,0.041985233199359207,0
s0293,pancreas,0.5089,0.4497536938822928,0.5731330914177055,0.7877006682027153,0.33794697432042253,1
s0293,portal_vein_and_splenic_vein,0.2925,0.0931817666179914,0.042094330677196055,0.20040230793327118,0.10722054131527979,0
s0293,small_bowel,0.631,0.42520171930125467,0.7645866332748473,0.845756860324871,0.4205551410236163,1
s0293,spinal_cord,0.8447,0.8257804899531963,0.841287828880296,0.8713807391216256,0.04560024916842931,1
s0293,spleen,0.8241,0.5508724400275129,0.740717356380836,0.8621219041453464,0.3112494641178335,1
s0293,stomach,0.8737,0.49547424169725446,0.6744798990459344,0.8376142382421417,0.3421399965448872,0
s0293,vertebrae,0.8597,0.7378470010424303,0.8548217204184455,0.8453935367331011,0.10754653569067085,0
s0280,colon,0.0577,0.33368649409156537,0.5227691725699065,0.6939508007802223,0.36026430668865694,0
s0280,femur_left,0.897,0.7101642509958928,0.8580523880829306,0.9283930536737581,0.21822880267786537,1
s0280,femur_right,0.9043,0.8699534308284775,0.8271012959524221,0.930266398319343,0.060312967490865455,1
s0280,gluteus_maximus_left,0.8913,0.7371559982599339,0.8510813295223417,0.9300543858423203,0.1928983875823863,1
s0280,gluteus_maximus_right,0.8778,0.8138447892024254,0.8427195091085182,0.9287034119223466,0.1148586227199212,1
s0280,hip_left,0.8087,0.5163488509709281,0.6221063163880551,0.6624456353543113,0.14609678438338325,0
s0280,hip_right,0.8081,0.7105925047891751,0.8364056427776937,0.8595034416910828,0.1489109369019077,1
s0280,iliac_artery_left,0.8,0.0,0.0017189625996282703,0.3680973589456658,0.3680973589456658,0
s0280,iliac_artery_right,0.7455,0.020307573005447423,0.13566154162713998,0.4932521178212099,0.4729445448157625,0
s0280,iliac_vena_left,0.7011,0.00890355667580411,0.14188506924473776,0.5145468928795849,0.5056433362037808,0
s0280,iliac_vena_right,0.6641,0.0528120308376505,0.21495961160609559,0.5127448908933083,0.4599328600556578,0
s0280,iliopsoas_left,0.6433,0.45222885910144806,0.7107807750115864,0.799153871378367,0.34692501227691896,1
s0280,iliopsoas_right,0.6091,0.5570102311107009,0.724598413362518,0.8433823893419983,0.28637215823129736,1
s0280,prostate,0.2454,0.5248298774150033,0.7688977020995372,0.8045810952907446,0.2797512178757413,0
s0280,urinary_bladder,0.0,0.14194261953166892,0.09936208271006032,0.4783524110202584,0.33640979148858946,0
s0385,aorta,0.0,0.15047578379186957,0.24239706368405797,0.41332636879099693,0.2628505849991274,0
s0385,autochthon_left,0.0,0.24088282769354982,0.595560238088098,0.7907204888544138,0.549837661160864,0
s0385,autochthon_right,0.0,0.5441135852694837,0.6745754757227241,0.798933895029899,0.25482030976041525,0
s0385,intervertebral_discs,0.799,0.6526089944872616,0.8122407462556531,0.8322452253706532,0.17963623088339153,1
s0385,lung_left,0.0,0.0024529426779775826,0.06130641746592466,0.3295156856947501,0.3270627430167725,0
s0385,spinal_cord,0.8672,0.7804272114249738,0.8557953634327591,0.871497516347832,0.09107030492285817,1
s0385,vertebrae,0.8571,0.7241669918051385,0.8452546177507532,0.884838820186172,0.16067182838103344,1
s0594,brain,0.9773,0.8908664037014926,0.9530708888533216,0.9726784595732817,0.08181205587178908,0
s0594,intervertebral_discs,0.6294,0.46018324565112795,0.45095944443205793,0.6804289219653034,0.2202456763141754,1
s0594,spinal_cord,0.7937,0.7435023382065861,0.7343972180891281,0.8114122269734264,0.06790988876684034,1
s0594,vertebrae,0.7012,0.6049828374359594,0.7142779562761271,0.7614042401740974,0.15642140273813798,1
s0287,adrenal_gland_left,0.4325,0.22945703171533977,0.4611881685063927,0.6039190386540443,0.3744620069387045,1
s0287,adrenal_gland_right,0.5156,0.1720330713469659,0.23261816852092004,0.6159224116308064,0.44388934028384053,1
s0287,aorta,0.6058,0.694907020034726,0.7602532193786887,0.7993599797692376,0.10445295973451152,0
s0287,autochthon_left,0.9339,0.8938994294659562,0.9340770329237197,0.9379274461807088,0.04402801671475254,1
s0287,autochthon_right,0.9365,0.8681287421792107,0.935894107852651,0.9354899570236307,0.06736121484442004,0
s0287,colon,0.7172,0.7195996584669873,0.855028348587298,0.871102095251526,0.15150243678453879,0
s0287,duodenum,0.6036,0.2749528150641317,0.4014857378711709,0.5960720789529291,0.3211192638887974,0
s0287,esophagus,0.4442,0.3289751579227854,0.7300107708334944,0.7504649557694304,0.421489797846645,1
s0287,gallbladder,0.3585,0.05506050383242632,0.4711448474852791,0.7101889409431561,0.6551284371107298,1
s0287,heart,0.8309,0.1781839520000779,0.4847331229642968,0.5276835448325682,0.3494995928324903,0
s0287,hip_right,0.6052,0.13029941660435732,0.49491780153167,0.7207377024293399,0.5904382858249826,1
s0287,humerus_left,0.6813,0.14828353654207063,0.6240980200096414,0.6632238377687217,0.5149403012266511,0
s0287,humerus_right,0.6926,0.34832527499480365,0.5504830373911069,0.7186712928728654,0.3703460178780617,1
s0287,iliac_artery_left,0.7902,0.29761079659025796,0.7573726343241031,0.7512431237138733,0.4536323271236153,0
s0287,iliac_artery_right,0.5304,0.31691933485665474,0.660841447050851,0.6893441627160116,0.3724248278593569,1
s0287,iliac_vena_left,0.4706,6.37407652583502e-20,0.06085955902097148,0.43211149387239994,0.43211149387239994,0
s0287,iliac_vena_right,0.6227,0.3413169847450613,0.6140201346218296,0.7550937377630901,0.4137767530180288,1
s0287,iliopsoas_left,0.7298,0.7245123289562667,0.7877767976912916,0.8570880179940478,0.13257568903778105,1
s0287,iliopsoas_right,0.7369,0.759007456984794,0.8044673681274275,0.8640643337675179,0.10505687678272391,0
s0287,inferior_vena_cava,0.8229,0.8083106596917744,0.7943100321928263,0.8644843187237613,0.0561736590319869,1
s0287,intervertebral_discs,0.8133,0.6772815381616244,0.8091128746448925,0.8030586126029586,0.12577707444133424,0
s0287,kidney_left,0.8544,0.624085867034224,0.773588273914977,0.8793791749935257,0.2552933079593017,1
s0287,kidney_right,0.8614,0.6970849064326505,0.7434687423218441,0.8816759754607596,0.18459106902810907,1
s0287,liver,0.9309,0.8455766249152571,0.8990941434470098,0.9296878059536757,0.08411118103841864,0
s0287,lung_left,0.9371,0.9161777278189177,0.9264661569194169,0.9287822261070653,0.012604498288147581,0
s0287,lung_right,0.9406,0.7887489924954322,0.8789890897551689,0.8888634488154639,0.10011445632003169,0
s0287,pancreas,0.3283,0.6482543553272064,0.725624541490532,0.7627011898680385,0.11444683454083204,0
s0287,portal_vein_and_splenic_vein,0.7196,0.3490995386321146,0.47800703602772976,0.6788759653377158,0.32977642670560114,0
s0287,small_bowel,0.4648,0.5060864155600838,0.6429084024233155,0.8208771271182844,0.3147907115582006,0
s0287,spinal_cord,0.8728,0.8815710552416747,0.859499309691534,0.8821497874624343,0.000578732220759659,0
s0287,spleen,0.8304,0.6933373904039116,0.8471246999022045,0.8893635334667285,0.19602614306281685,1
s0287,stomach,0.814,0.8276863292402786,0.8828918252778726,0.9089634487663798,0.08127711952610117,0
s0287,vertebrae,0.8695,0.7178050457722827,0.8492811541009309,0.8676321835015085,0.14982713772922585,0
s0027,brain,0.9609,0.9495054989342584,0.9850759279059456,0.975143003629864,0.02563750469560555,1
s0027,spinal_cord,0.6059,0.6254660628623148,0.7200575746461247,0.7418576300432733,0.11639156718095856,0
s0027,vertebrae,0.0,0.2175242854706999,0.2273133808064459,0.38479173191163896,0.16726744644093905,0
s0031,adrenal_gland_left,0.5866,0.46558230001226314,0.6067007893922426,0.6890250113684473,0.22344271135618415,1
s0031,adrenal_gland_right,0.3861,0.04328444543980422,0.0741879932237462,0.3668555956464381,0.3235711502066339,0
s0031,aorta,0.8799,0.7694981441841525,0.8665728291965342,0.8697361971726748,0.10023805298852229,0
s0031,autochthon_left,0.9195,0.8818324269387694,0.9287832158675217,0.9312327530014249,0.04940032606265554,1
s0031,autochthon_right,0.9277,0.7978281798591774,0.9074018751242477,0.926344287340297,0.12851610748111952,0
s0031,colon,0.7536,0.6892429002880184,0.7710474339321562,0.8823760281999204,0.19313312791190207,1
s0031,duodenum,0.7427,0.35971058504786263,0.582055637493913,0.6592926993801581,0.2995821143322955,0
s0031,esophagus,0.8113,0.6814828382333212,0.8143830554730743,0.8027510103130459,0.12126817207972462,0
s0031,gallbladder,0.4285,0.039982536966199266,0.24635832942198863,0.6102001846697624,0.5702176477035632,1
s0031,heart,0.965,0.8793077087805159,0.9097350131500099,0.9358142237431588,0.05650651496264292,0
s0031,iliopsoas_left,0.8056,0.6324676437802728,0.7974371675172112,0.8593990234168506,0.22693137963657783,1
s0031,iliopsoas_right,0.8211,0.623414493751716,0.7614546042669431,0.840393642958184,0.216979149206468,1
s0031,inferior_vena_cava,0.8208,0.7441248677795447,0.7813714978622369,0.8376911496690255,0.0935662818894808,1
s0031,intervertebral_discs,0.6666,0.6845301720287759,0.7880459610117728,0.7431746522635826,0.05864448023480673,0
s0031,kidney_left,0.8995,0.7557555519212399,0.877820127362765,0.909319821223172,0.15356426930193212,1
s0031,kidney_right,0.8929,0.8274090141210121,0.8648524536655364,0.9065615247127775,0.07915251059176542,1
s0031,liver,0.9265,0.9160124340084654,0.9091661676237519,0.9187547464500374,0.00274231244157197,0
s0031,lung_left,0.9546,0.9273070237527771,0.9501749253440105,0.9457969933929135,0.018489969640136383,0
s0031,lung_right,0.9515,0.9095621523773183,0.9473564197235994,0.9470383920989552,0.03747623972163694,0
s0031,pancreas,0.6467,0.6022742528601311,0.6475034016504058,0.8371062275960461,0.234831974735915,1
s0031,portal_vein_and_splenic_vein,0.6351,0.3208669368863566,0.5265691631601036,0.5463130208010359,0.22544608391467935,0
s0031,small_bowel,0.7463,0.5583285964069507,0.8435992792684238,0.8595027480087957,0.301174151601845,1
s0031,spinal_cord,0.8838,0.6625326689048582,0.8596903888023177,0.8804127677087576,0.21788009880389947,0
s0031,spleen,0.9263,0.8202227132308515,0.8554775659914319,0.9191998592083005,0.098977145977449,0
s0031,stomach,0.5511,0.6294268641637611,0.7056332167604079,0.8456943084099273,0.21626744424616617,0
s0031,vertebrae,0.8308,0.8084313038046993,0.8490309445355907,0.8703492000553847,0.061917896250685445,1
s0414,aorta,0.185,0.09435170548232423,0.44314377247904946,0.5985400195995308,0.5041883141172067,1
s0414,autochthon_left,0.443,0.06725691621796073,0.21435194153822143,0.6274179201630995,0.5601610039451388,1
s0414,autochthon_right,0.0253,0.0,0.07616594450889237,0.32035654946290265,0.32035654946290265,1
s0414,esophagus,0.3294,0.00043018802793241676,0.07342197638413868,0.4830069606116216,0.4825767725836892,1
s0414,intervertebral_discs,0.7147,0.27459268824963545,0.640441735445558,0.7515362515899611,0.4769435633403256,1
s0414,lung_right,0.1355,0.0,0.07195135297399881,0.4422151614691599,0.4422151614691599,1
s0414,spinal_cord,0.8629,0.6305192894123284,0.7537989653722507,0.8419608562535686,0.21144156684124027,0
s0414,vertebrae,0.8299,0.7097109180926512,0.7871568189309115,0.849350734880957,0.13963981678830584,1
s0056,femur_left,0.7736,0.7796727057657423,0.7935478299237995,0.8767555582282459,0.09708285246250359,0
s0016,adrenal_gland_left,0.1858,0.15099930356048363,0.49944772277848637,0.6637739235312228,0.5127746199707391,1
s0016,adrenal_gland_right,0.8149,0.28953168299350784,0.4538645966619333,0.6924992842175378,0.40296760122402997,0
s0016,aorta,0.8903,0.7428391001505986,0.8175651878088334,0.8475279167428227,0.10468881659222407,0
s0016,autochthon_left,0.9488,0.9058903651072792,0.9512763349214203,0.9378067603396499,0.031916395232370776,0
s0016,autochthon_right,0.9494,0.8993873317231833,0.9478838720472674,0.940051908073621,0.04066457635043774,0
s0016,colon,0.7869,0.7266850060238703,0.8024239225404145,0.900934713378408,0.1742497073545377,1
s0016,duodenum,0.38,0.3344463304210165,0.4885786990925939,0.6641317679457763,0.3296854375247598,1
s0016,esophagus,0.5585,0.3182419233927758,0.4094368708478353,0.589160295693195,0.27091837230041915,1
s0016,gallbladder,0.6389,0.32540246060315214,0.5974160515714723,0.7541634986564433,0.42876103805329113,1
s0016,gluteus_medius_left,0.7773,0.09341090146684368,0.6090297162060165,0.7996060370222285,0.7061951355553848,1
s0016,gluteus_medius_right,0.0,5.3795891840719083e-20,0.05138343233855387,0.43886715380982866,0.43886715380982866,0
s0016,heart,0.4846,0.516580346575079,0.7420066301309389,0.8878807110118416,0.3713003644367626,0
s0016,hip_left,0.7125,0.18797183013372978,0.613419668984475,0.8242475294070669,0.6362756992733372,1
s0016,hip_right,0.558,0.08980486098470986,0.5282826952681575,0.732563796192062,0.6427589352073522,1
s0016,iliac_artery_left,0.8189,0.28912107484236427,0.605197405244086,0.6866844528280895,0.3975633779857253,0
s0016,iliac_artery_right,0.6964,0.0565896530053642,0.6821571311347421,0.6925943775476353,0.6360047245422711,0
s0016,iliac_vena_left,0.4444,5.3795891840719083e-20,0.17058248613884885,0.4811164289817876,0.4811164289817876,1
s0016,iliac_vena_right,0.7368,0.022767894957258485,0.33935414674562614,0.5225767276767423,0.49980883271948384,0
s0016,iliopsoas_left,0.663,0.8960777663472899,0.8990694637542141,0.9248562681331437,0.02877850178585384,0
s0016,iliopsoas_right,0.7087,0.8654524536023079,0.8993865409158768,0.906614791205431,0.041162337603123045,0
s0016,inferior_vena_cava,0.8034,0.7194787692551583,0.8387061057876783,0.8705086883483406,0.1510299190931823,1
s0016,intervertebral_discs,0.805,0.6833902298872163,0.7913444038602557,0.8452860871631485,0.16189585727593214,1
s0016,kidney_left,0.6618,0.8450913767881291,0.85653180237662,0.900972999243654,0.05588162245552497,0
s0016,kidney_right,0.7937,0.8814411607568695,0.920566603175012,0.9165606252459394,0.035119464489069885,0
s0016,liver,0.9403,0.7961317581027131,0.8993206998859414,0.9575344450715595,0.1614026869688464,1
s0016,lung_left,0.7418,0.625146597768699,0.7465877185030602,0.8126202345988061,0.1874736368301071,1
s0016,lung_right,0.9371,0.870780928881962,0.9331547213299909,0.936104539165339,0.06532361028337696,0
s0016,pancreas,0.5734,0.4902882917369911,0.6018109908973771,0.8200178065024588,0.3297295147654677,1
s0016,portal_vein_and_splenic_vein,0.6254,0.31801109746905243,0.39036049661186667,0.6199954830877661,0.30198438561871366,0
s0016,small_bowel,0.7461,0.6850331839775303,0.698543230570197,0.8724696415362005,0.18743645755867022,1
s0016,spinal_cord,0.8684,0.8267052698852889,0.8678542074707908,0.8683914941373352,0.04168622425204627,0
s0016,spleen,0.8011,0.8613223346868331,0.9230474944274806,0.9303170409188092,0.06899470623197612,0
s0016,stomach,0.5573,0.6326555907129072,0.6185582676365036,0.8361849229240994,0.20352933221119218,0
s0016,vertebrae,0.8609,0.7959938312365675,0.8486618486127732,0.889686256591821,0.09369242535525346,1
s0145,clavicula_right,0.6099,0.14279135563865497,0.34670291920197727,0.6895464414530381,0.5467550858143831,1
s0145,femur_right,0.0,0.4437367250691065,0.662860991509027,0.7536426992819358,0.30990597421282934,0
s0145,humerus_right,0.6738,0.768648943196526,0.8058359477969842,0.8636418491432029,0.09499290594667686,0
s0145,scapula_left,0.0,0.0,0.10577460774942624,0.34951643311404396,0.34951643311404396,1
s0145,scapula_right,0.5076,0.21890969507464172,0.5528503772962733,0.7262313829681614,0.5073216878935196,1
s0216,adrenal_gland_left,0.5421,0.3783949804451961,0.5870384855379801,0.7558521592173648,0.3774571787721687,1
s0216,adrenal_gland_right,0.3657,0.056240808701393565,0.3640055861585487,0.5920403011045293,0.5357994924031357,1
s0216,aorta,0.8753,0.6316547700302653,0.8028842306583085,0.82016374686299,0.18850897683272472,0
s0216,autochthon_left,0.9283,0.8975962732914062,0.9025345449447719,0.9073410174838931,0.009744744192486832,0
s0216,autochthon_right,0.9342,0.8258279637902355,0.8784939006954264,0.9094029744528435,0.08357501066260797,0
s0216,colon,0.6729,0.5842838039596528,0.7450217668185392,0.8232874439247293,0.23900363996507645,1
s0216,duodenum,0.5685,0.5226890750657757,0.7322936161956624,0.8234166721565563,0.3007275970907807,1
s0216,esophagus,0.7659,0.497769745160096,0.8184582585600351,0.8257067524601034,0.3279370073000074,1
s0216,gallbladder,0.0,0.18223873060437973,0.4433723926042141,0.6210675253244878,0.4388287947201081,0
s0216,gluteus_maximus_left,0.5027,0.6740338675888777,0.7715735741329703,0.9033290308433104,0.22929516325443267,0
s0216,gluteus_maximus_right,0.6469,0.6191580613745253,0.771994644216478,0.8919495960185905,0.27279153464406514,1
s0216,gluteus_medius_left,0.888,0.744930777821337,0.835029422714531,0.9059615082070556,0.16103073038571858,1
s0216,gluteus_medius_right,0.8723,0.755874677303829,0.848629106694633,0.9025997674965968,0.1467250901927678,1
s0216,gluteus_minimus_left,0.8196,0.3047856579616863,0.6480668005671226,0.8532432756266634,0.5484576176649771,1
s0216,gluteus_minimus_right,0.7589,0.38922640323406243,0.6978758517466913,0.8630424712570669,0.47381606802300447,1
s0216,heart,0.9192,0.8722252262085722,0.8938623387064022,0.9294262344451867,0.05720100823661445,1
s0216,hip_left,0.8427,0.7403467343881266,0.7976720319060419,0.8687191135092935,0.12837237912116695,1
s0216,hip_right,0.8681,0.7380681934300806,0.7743331322529002,0.8609761003046553,0.12290790687457476,0
s0216,humerus_left,0.792,0.15236471323879847,0.5540041994679993,0.7078762213902942,0.5555115081514956,0
s0216,humerus_right,0.5283,0.1609678822139639,0.5796022042619666,0.7829155475986086,0.6219476653846447,1
s0216,iliac_artery_right,0.1283,0.09216212566522587,0.47447238794491187,0.5557500348162736,0.46358790915104775,1
s0216,iliac_vena_left,0.3546,0.25755593694848905,0.5389906163248988,0.6680330368725411,0.41047709992405207,1
s0216,iliac_vena_right,0.4269,0.14702981601703308,0.5884651922892137,0.7193014749561858,0.5722716589391528,1
s0216,iliopsoas_left,0.6616,0.7171928600804693,0.7735348080416774,0.8633123638361309,0.14611950375566152,0
s0216,iliopsoas_right,0.7413,0.5672426630423529,0.7225356341813871,0.793345854116327,0.22610319107397403,1
s0216,inferior_vena_cava,0.0,0.23061894070803868,0.5121396893052337,0.7465348785281717,0.515915937820133,0
s0216,intervertebral_discs,0.7087,0.7295376809825047,0.8241265664987439,0.8398185270498748,0.1102808460673701,0
s0216,kidney_left,0.5277,0.573999591420465,0.7359223045381436,0.8666791290360635,0.2926795376155985,0
s0216,kidney_right,0.5634,0.7058599572351512,0.7581512114880082,0.8778997415611763,0.17203978432602518,0
s0216,liver,0.874,0.8653215827533266,0.9284121476874614,0.9350480213979079,0.06972643864458128,1
s0216,lung_left,0.9739,0.9419504013117848,0.9403359823447245,0.9620266310559302,0.02007622974414547,0
s0216,lung_right,0.978,0.8820607445150633,0.9382185824066448,0.961647531474624,0.07958678695956067,0
s0216,pancreas,0.1064,0.3784618913353435,0.551104978945559,0.6409576020124951,0.26249571067715155,0
s0216,portal_vein_and_splenic_vein,0.1056,0.26592997410840874,0.4368433600904231,0.5535677772713244,0.2876378031629157,0
s0216,sacrum,0.7429,0.7500404340944581,0.7994580571498268,0.8835863715235114,0.1335459374290533,0
s0216,scapula_left,0.0,0.276834583011314,0.5690203575417511,0.6823469724850008,0.4055123894736868,0
s0216,scapula_right,0.0,0.1739003367871954,0.5982785389969221,0.6163718818085873,0.44247154502139185,0
s0216,small_bowel,0.3087,0.49977277463878905,0.6147577281641169,0.7894899948532824,0.28971722021449337,0
s0216,spinal_cord,0.7947,0.7225983706200729,0.8045123831007356,0.8828857135141139,0.160287342894041,1
s0216,spleen,0.7678,0.8573479125648077,0.9393399200059691,0.9428369070506315,0.08548899448582381,0
s0216,stomach,0.8339,0.7495053212767457,0.8596313591483854,0.8880050576797619,0.13849973640301616,1
s0216,vertebrae,0.7805,0.8441547690382741,0.8407835380286902,0.8945355134663301,0.05038074442805596,0
s0323,aorta,0.0,0.2102405201413408,0.4531965141119692,0.5762596868102824,0.36601916666894163,0
s0323,autochthon_left,0.4495,0.6773027684138645,0.7898987400025772,0.8510044958339175,0.17370172742005296,0
s0323,autochthon_right,0.8018,0.661351270532067,0.8166211853261945,0.8896939388722346,0.2283426683401676,1
s0323,colon,0.4623,0.5370522293241101,0.6649054148003326,0.7379790837304196,0.20092685440630953,0
s0323,duodenum,0.2692,0.19979763322769548,0.5391870739060871,0.6312343677126949,0.4314367344849994,1
s0323,esophagus,0.4415,0.16620715297662408,0.5689328981310028,0.7247640023861337,0.5585568494095097,1
s0323,femur_left,0.0,0.11069812760385207,0.47799702569994995,0.6048613738750198,0.49416324627116776,0
s0323,femur_right,0.0,0.13267434716432608,0.604956432831619,0.70715395288266,0.5744796057183339,0
s0323,gallbladder,0.0,0.20764042788268686,0.6145110652595224,0.6832410033831882,0.4756005755005013,0
s0323,gluteus_maximus_left,0.0,0.20161298903889935,0.44785750356067017,0.48469370968097014,0.2830807206420708,0
s0323,gluteus_medius_left,0.4816,0.5767522643323175,0.7439603766703924,0.8459174668537762,0.2691652025214587,0
s0323,gluteus_medius_right,0.5932,0.6706204279566123,0.8048413038698455,0.8612960083576167,0.1906755804010044,0
s0323,gluteus_minimus_left,0.3303,0.34192981024039076,0.7166805680861108,0.8001238262847598,0.458194016044369,0
s0323,gluteus_minimus_right,0.6575,0.4918574301293026,0.6685708658694748,0.7881226520438016,0.296265221914499,1
s0323,heart,0.8002,0.7450700390774162,0.9016137056461728,0.9089816856446987,0.16391164656728252,1
s0323,hip_left,0.5893,0.6590411508166794,0.7776831500539861,0.8610724700765694,0.20203131925989004,0
s0323,hip_right,0.6524,0.46970330440909963,0.6794758116906515,0.7323050925398763,0.26260178813077667,1
s0323,humerus_left,0.3796,0.0752072665949052,0.4672236157415619,0.46122207797256587,0.3860148113776607,1
s0323,iliac_artery_right,0.0,0.25181663360737844,0.592642024825795,0.6184246201144376,0.3666079865070591,0
s0323,iliac_vena_left,0.0,0.1864898752872699,0.3130267368415047,0.32228945891132715,0.13579958362405725,0
s0323,iliac_vena_right,0.0,0.2724286281878222,0.33940556797728455,0.48901120626400324,0.21658257807618103,0
s0323,iliopsoas_left,0.8176,0.8364883098598626,0.8941441933315433,0.8803538708153513,0.04386556095548877,0
s0323,iliopsoas_right,0.8281,0.6895624913031513,0.8125141456658005,0.8243243313459768,0.13476184004282554,0
s0323,inferior_vena_cava,0.0,0.31771538491790224,0.44865901151966325,0.4937840993742903,0.17606871445638805,0
s0323,intervertebral_discs,0.6703,0.48345603815176086,0.6291005821086282,0.7452943927315487,0.2618383545797879,1
s0323,kidney_left,0.3466,0.5338537353410976,0.7199881025195217,0.7974032409920386,0.26354950565094104,0
s0323,kidney_right,0.0627,0.2243581478127068,0.33703944054038054,0.3330585867329929,0.10870043892028608,0
s0323,liver,0.8076,0.8330452808257792,0.9546263363479682,0.9681080917468096,0.13506281092103034,0
s0323,lung_left,0.8764,0.815826436760032,0.8638976242274206,0.8993491942175179,0.08352275745748594,1
s0323,lung_right,0.896,0.8545518095026359,0.9206069570413008,0.9114599302969364,0.05690812079430052,1
s0323,pancreas,0.0,0.21896052469002153,0.5246404162338502,0.47309942811183453,0.254138903421813,0
s0323,portal_vein_and_splenic_vein,0.0,0.15110945901422912,0.41724789136225604,0.4927904733212501,0.34168101430702097,0
s0323,sacrum,0.6116,0.6326786905757026,0.6955527561701619,0.8305475070699823,0.19786881649427968,0
s0323,small_bowel,0.3628,0.5225544744638337,0.564427678272015,0.6866896510686242,0.1641351766047905,0
s0323,spinal_cord,0.5459,0.44268363022919777,0.5957207660455107,0.7097369119393898,0.26705328171019205,1
s0323,spleen,0.6635,0.571538697898616,0.6860623908890408,0.8310406866065383,0.2595019887079223,1
s0323,stomach,0.7381,0.7871740452776811,0.8325923370746158,0.8623505450368805,0.07517649975919938,0
s0323,urinary_bladder,0.0,0.5209256702255125,0.7010388495543702,0.7003971863699707,0.17947151614445822,0
s0323,vertebrae,0.7425,0.6801443723926907,0.7775567712412367,0.8001478556316408,0.12000348323895016,1
s0284,autochthon_left,0.9201,0.8413079453639823,0.8439989025684579,0.8606876610911585,0.019379715727176117,0
s0284,autochthon_right,0.906,0.8389104903885213,0.8434165624176359,0.8471883489788353,0.008277858590314047,0
s0284,colon,0.7995,0.7339857891049666,0.7871371284908603,0.8443581959861236,0.11037240688115701,1
s0284,femur_left,0.9317,0.6725540753396219,0.8943325291594881,0.8987290199239264,0.22617494458430454,0
s0284,femur_right,0.9343,0.7160331148771398,0.8862648997524827,0.8900447947877785,0.1740116799106387,0
s0284,gluteus_maximus_left,0.9445,0.8794100593880515,0.9288478762500608,0.9410955677747401,0.061685508386688626,0
s0284,gluteus_maximus_right,0.9403,0.7700624892012454,0.9126668052483473,0.9360789461831216,0.16601645698187617,0
s0284,gluteus_medius_left,0.9174,0.7080514732926786,0.8599283404575341,0.905572466092013,0.19752099279933444,0
s0284,gluteus_medius_right,0.9284,0.7065455297840435,0.8513552291583049,0.9062189868235095,0.19967345703946604,0
s0284,gluteus_minimus_left,0.8943,0.38234084774814164,0.8309344539457347,0.8517019342464076,0.46936108649826597,0
s0284,gluteus_minimus_right,0.903,0.5885425516812413,0.8438804195084821,0.8762551487798017,0.28771259709856045,0
s0284,hip_left,0.895,0.8367418934965696,0.8588026225648105,0.9070205543883686,0.07027866089179902,1
s0284,hip_right,0.8969,0.7819444449856232,0.8691386197586531,0.9172617203846578,0.1353172753990346,1
s0284,iliac_artery_left,0.5415,0.19653281920232943,0.4015064159787371,0.6265183935940447,0.42998557439171525,1
s0284,iliac_artery_right,0.4059,0.17635327107655993,0.4936493949510337,0.6383439264759211,0.4619906553993611,1
s0284,iliac_vena_left,0.6042,0.41968109917327434,0.6787324047248647,0.7537495755457622,0.3340684763724878,1
s0284,iliac_vena_right,0.462,0.16643338476205638,0.5542593481922925,0.6446312520147853,0.47819786725272895,1
s0284,iliopsoas_left,0.8699,0.8427370109575305,0.8747711261400035,0.9136786524663367,0.07094164150880622,1
s0284,iliopsoas_right,0.8437,0.8033414355958287,0.8847149606327128,0.9152493345340766,0.11190789893824793,1
s0284,inferior_vena_cava,0.0,0.0012758169442299448,0.21036722814466058,0.5227847632806588,0.5215089463364289,0
s0284,intervertebral_discs,0.7401,0.6057488509460137,0.8138451179895816,0.7677336973216541,0.16198484637564037,1
s0284,prostate,0.7309,0.48208125626671305,0.6019761974445226,0.7068936918952674,0.22481243562855435,0
s0284,sacrum,0.8225,0.7632783750555181,0.8280982561430082,0.8835024065462653,0.12022403149074723,1
s0284,small_bowel,0.822,0.5313164913854777,0.7977353492705304,0.8682954187105651,0.3369789273250875,1
s0284,spinal_cord,0.7873,0.4421289154761505,0.6947960251375273,0.7080618740649808,0.26593295858883026,0
s0284,urinary_bladder,0.9047,0.8214607276540513,0.9136681238626612,0.862221881795031,0.040761154140979694,0
s0284,vertebrae,0.8865,0.7126484305997928,0.7393700811131376,0.7907585728863509,0.0781101422865581,0
s0545,femur_left,0.8046,0.8070099417644631,0.8538631662489928,0.903928090017772,0.09691814825330891,0
s0286,aorta,0.8164,0.8018554534574862,0.8387887711491606,0.8883959194875864,0.08654046603010024,1
s0286,autochthon_left,0.8155,0.6043919483310771,0.7803123304037896,0.8198892317898367,0.21549728345875963,1
s0286,autochthon_right,0.6902,0.5911532357137879,0.7456778545048651,0.7908562882973575,0.19970305258356968,1
s0286,clavicula_left,0.5298,0.22034568171306496,0.5483051920014784,0.6490859857929274,0.42874030407986247,1
s0286,clavicula_right,0.5318,0.29138737499151784,0.555487294055494,0.6524345764030176,0.36104720141149976,1
s0286,esophagus,0.8075,0.7530088624152442,0.791842733398377,0.8092182871809934,0.056209424765749194,1
s0286,heart,0.6251,0.7034119825794698,0.847771930186053,0.820706483217262,0.11729450063779223,0
s0286,humerus_left,0.9077,0.6075236248837795,0.8056427900195854,0.8474794920093064,0.23995586712552686,0
s0286,humerus_right,0.9201,0.6862135467014457,0.7758489935221636,0.8597160650715361,0.17350251837009034,0
s0286,intervertebral_discs,0.7599,0.5170745692996415,0.6404686046286305,0.7091532960544715,0.19207872675483006,0
s0286,lung_left,0.9697,0.966259831989982,0.9666310020366592,0.9821283990461319,0.015868567056149918,1
s0286,lung_right,0.9753,0.9666659693167707,0.9736149522024388,0.9705241377438117,0.003858168427041009,0
s0286,scapula_left,0.5418,0.44378964207489396,0.6502379897294597,0.7414725401296633,0.2976828980547694,1
s0286,scapula_right,0.5602,0.6525506372659033,0.6876436525038262,0.8269273313224356,0.17437669405653222,0
s0286,spinal_cord,0.8278,0.6287469489434501,0.8263551274355142,0.8488676422858928,0.22012069334244277,1
s0286,vertebrae,0.8007,0.5200491828540736,0.7661807709556641,0.8085021933450213,0.2884530104909476,1
s0447,adrenal_gland_left,0.5951,0.2888408264412559,0.5842844713910794,0.7416594144937636,0.4528185880525077,1
s0447,adrenal_gland_right,0.7433,0.37475910224720793,0.4849155204415428,0.7169252390415699,0.342166136794362,0
s0447,aorta,0.834,0.7007883411224689,0.8418116098408809,0.874030800117926,0.1732424589954571,1
s0447,autochthon_left,0.6957,0.540125595635415,0.7741053750785359,0.8464130529867324,0.30628745735131746,1
s0447,autochthon_right,0.7626,0.43788609621011426,0.59637162963752,0.7349858127420626,0.2970997165319484,0
s0447,clavicula_left,0.7895,0.2762814708618589,0.6082113373541939,0.7565901276576139,0.480308656795755,0
s0447,clavicula_right,0.729,0.2465982356541733,0.6321012734380156,0.75156447678805,0.5049662411338768,1
s0447,colon,0.7734,0.5500180710788669,0.7612737964903378,0.8321067679808204,0.2820886969019535,1
s0447,duodenum,0.7118,0.4366393105850803,0.6446505757084982,0.7790907658833409,0.3424514552982606,1
s0447,esophagus,0.6292,0.2746173734531516,0.6040961009799019,0.7570709860495776,0.48245361259642594,1
s0447,gallbladder,0.0,0.007054319161272395,0.08132906811670856,0.2758812551245871,0.2688269359633147,0
s0447,heart,0.8878,0.8989410072121056,0.9066286380076268,0.9411952003907365,0.04225419317863088,0
s0447,humerus_left,0.0154,0.4348540421151748,0.6588765816046099,0.8285742715778225,0.3937202294626477,0
s0447,humerus_right,0.0041,3.2383056283837815e-20,0.021320469894084655,0.14185005140735885,0.14185005140735885,1
s0447,iliopsoas_left,0.8344,0.6552799602079609,0.7489780488388329,0.8808933844846912,0.22561342427673037,1
s0447,iliopsoas_right,0.7003,0.739111643674379,0.7678637409149653,0.8838681537925421,0.14475651011816315,0
s0447,inferior_vena_cava,0.8355,0.5760523197843126,0.7488636514989641,0.8790494307665246,0.30299711098221205,1
s0447,intervertebral_discs,0.6979,0.7044377589191977,0.7914422108422025,0.8248739559838555,0.1204361970646578,0
s0447,kidney_left,0.9106,0.7737575302111639,0.8583272533541281,0.9202554387536878,0.14649790854252387,1
s0447,kidney_right,0.904,0.8076136951014528,0.8406626277408633,0.9202718973736141,0.11265820227216139,1
s0447,liver,0.9428,0.8875436631434059,0.9157737356832231,0.9521381024420386,0.06459443929863262,1
s0447,lung_left,0.9434,0.9417647343834573,0.936449257500489,0.9468418525139167,0.005077118130459413,1
s0447,lung_right,0.9705,0.9389009156083528,0.9520729874809427,0.9734402537338072,0.0345393381254544,1
s0447,pancreas,0.7365,0.44735194000300865,0.5697090594693689,0.734448221485457,0.2870962814824483,0
s0447,portal_vein_and_splenic_vein,0.6282,0.19103817103152224,0.566303160837848,0.7093318627028904,0.5182936916713682,1
s0447,scapula_left,0.6988,0.22526285805499774,0.7091805114210824,0.7772044532385856,0.5519415951835878,1
s0447,scapula_right,0.4892,0.28279331865861196,0.6843019497173294,0.7730551481362123,0.4902618294776004,1
s0447,small_bowel,0.7784,0.6050190637594581,0.7311008234765112,0.8474713434795456,0.24245227972008743,1
s0447,spinal_cord,0.7757,0.494614131068841,0.6794405481859941,0.8032471764036135,0.30863304533477254,1
s0447,spleen,0.6772,0.780748706577795,0.8459177318607776,0.891632204885815,0.11088349830801991,0
s0447,stomach,0.9285,0.8587380478923785,0.8893298296330926,0.9235799824200921,0.06484193452771359,0
s0447,vertebrae,0.8343,0.8088269682142515,0.836614740960509,0.8923556584270953,0.08352869021284381,1
s0525,femur_left,0.6834,0.23925693496209072,0.6470637804899655,0.7956777183470167,0.556420783384926,1
s0525,femur_right,0.9147,0.8623245778225886,0.8980152716314664,0.9134106924139478,0.051086114591359144,0
s0327,adrenal_gland_left,0.6802,0.12008178663504562,0.5062049519291335,0.6261264093813476,0.5060446227463019,0
s0327,aorta,0.492,0.4626536046864851,0.5314807924726385,0.6680190803099312,0.2053654756234461,1
s0327,autochthon_left,0.4263,0.7564426163975915,0.8811149014539837,0.8890444677466628,0.13260185134907132,0
s0327,autochthon_right,0.5923,0.8905609032855966,0.9015888619506621,0.9187983752610509,0.028237471975454342,0
s0327,colon,0.553,0.6854125344616334,0.7698670658308842,0.8094270776207819,0.1240145431591485,0
s0327,duodenum,0.393,0.37323181228502417,0.5198635208089344,0.6646110369896936,0.2913792247046694,1
s0327,iliac_artery_left,0.0,0.031719474195004135,0.06734619004103291,0.29742468408909484,0.2657052098940907,0
s0327,iliopsoas_left,0.0815,0.24748093747294875,0.31884642407378894,0.5310614710346644,0.28358053356171564,0
s0327,inferior_vena_cava,0.2867,0.4577696180535848,0.48137169280110964,0.6574055892863269,0.19963597123274207,0
s0327,intervertebral_discs,0.3491,0.6455690587613893,0.6999242855776128,0.7413415693345117,0.09577251057312242,0
s0327,kidney_left,0.7792,0.7446832809696174,0.8536466477039518,0.913944976972896,0.16926169600327856,1
s0327,kidney_right,0.3473,0.5403675541207781,0.6268161530591486,0.7011129426718453,0.16074538855106724,0
s0327,liver,0.3771,0.642078027175716,0.7162467832557422,0.8531553188882602,0.2110772917125442,0
s0327,pancreas,0.3075,0.16839491008128116,0.4339968837604399,0.5698203296918444,0.4014254196105632,1
s0327,portal_vein_and_splenic_vein,0.0,0.03621021196687462,0.17124073898785616,0.24709114900793128,0.21088093704105665,0
s0327,small_bowel,0.4736,0.3554720397479478,0.5947918097083542,0.7029775954559198,0.347505555707972,1
s0327,spinal_cord,0.3898,0.28966261683501565,0.5142438524336641,0.7009095092796246,0.41124689244460894,1
s0327,spleen,0.4134,0.5058292878784884,0.8378259136880384,0.855778727534824,0.3499494396563356,0
s0327,stomach,0.307,0.3669986783137264,0.65706449443592,0.740599678383529,0.3736010000698026,0
s0327,vertebrae,0.557,0.8253985487576714,0.8483391759144315,0.8360018817063211,0.01060333294864968,0
s0398,autochthon_right,0.3839,0.0007903795156749194,0.1598479707760649,0.5482694636274366,0.5474790841117616,1
s0398,colon,0.7523,0.463248813785612,0.6525407398671589,0.7669615839853285,0.30371277019971654,1
s0398,femur_right,0.9204,0.7643890085259938,0.8813611287263902,0.9228807514698105,0.15849174294381674,1
s0398,gluteus_maximus_right,0.8823,0.8522479396074795,0.9127120863702746,0.9363292655553591,0.08408132594787965,1
s0398,gluteus_medius_left,0.0,0.00764762308561255,0.0,0.013648158298867511,0.006000535213254961,0
s0398,gluteus_medius_right,0.8289,0.8385207757591148,0.878730325983027,0.921763660857126,0.08324288509801125,0
s0398,gluteus_minimus_left,0.0,0.6008535662678481,0.7374518965241568,0.7421964104795317,0.14134284421168353,0
s0398,gluteus_minimus_right,0.6956,0.7558607146165651,0.8128089826598475,0.8522336765405769,0.09637296192401179,0
s0398,hip_left,0.7872,0.085482319605264,0.2886930309024036,0.6896153185479644,0.6041329989427004,0
s0398,hip_right,0.8925,0.8106816793913975,0.7101037551952963,0.887196642875718,0.07651496348432052,0
s0398,iliac_artery_right,0.6339,0.021762561700784253,0.34157398028675773,0.5802908966854364,0.5585283349846522,0
s0398,iliac_vena_right,0.6687,0.29904631232900675,0.6000302080111288,0.683025292140521,0.38397897981151424,1
s0398,iliopsoas_right,0.9203,0.6726584675386816,0.7753001251135945,0.8769454303662251,0.20428696282754344,0
s0398,prostate,0.7936,0.2002535289249441,0.6328242116137763,0.7375914578194572,0.5373379288945132,0
s0398,sacrum,0.7042,0.4471814982911729,0.7490082155095641,0.8283180888496213,0.38113659055844845,1
s0398,small_bowel,0.0,0.014716900833037403,0.15287011799056702,0.5973742201536075,0.5826573193205701,0
s0398,urinary_bladder,0.5302,0.3678698908579969,0.6403042898144901,0.8149642547142577,0.44709436385626083,1
s0614,brain,0.9729,0.8769134137984754,0.9671545765040805,0.975200582402932,0.09828716860445652,1
s0614,intervertebral_discs,0.3741,0.03756833692721359,0.36923642077953855,0.4863933906482181,0.44882505372100456,1
s0614,spinal_cord,0.7525,0.45756488563161923,0.6767506883898458,0.8415755006470337,0.38401061501541445,1
s0614,vertebrae,0.6427,0.34636313219582127,0.5600491185450194,0.7514385145370523,0.4050753823412311,1
s0501,brain,0.7842,0.6929009096042311,0.7855982500025043,0.9162340637309209,0.22333315412668975,1
s0501,intervertebral_discs,0.778,0.1900169964044216,0.32170393330648356,0.453416051115562,0.2633990547111404,0
s0501,spinal_cord,0.8111,0.6415950200704779,0.762495833532801,0.821123435629141,0.17952841555866317,1
s0501,vertebrae,0.8042,0.4810794919951076,0.5738197773471261,0.6842653242803272,0.20318583228521958,0
s0129,brain,0.9478,0.8663598008957573,0.9177007281456335,0.9468348828929086,0.08047508199715137,0
s0129,intervertebral_discs,0.0,6.37407652583502e-20,0.0,0.32842594539388215,0.32842594539388215,0
s0129,spinal_cord,0.7014,0.4407531622336835,0.7617435640932433,0.844919563681805,0.4041664014481215,1
s0129,vertebrae,0.0,0.12539302923993542,0.22937571057321327,0.6130228195565752,0.4876297903166398,0
s0105,femur_right,0.794,0.8987091883026166,0.8949545673740107,0.9058191036642972,0.007109915361680597,0
s0114,autochthon_left,0.7663,0.6141356447964024,0.7015487658317745,0.8263960000945745,0.2122603552981721,1
s0114,autochthon_right,0.8227,0.5845726855171659,0.6999878934248762,0.8735863850902658,0.28901369957309986,1
s0114,colon,0.4673,0.4841643033144639,0.6151158103111353,0.736522141100129,0.2523578377856651,0
s0114,femur_left,0.9125,0.5754495458589778,0.8711881878527673,0.8825176350314999,0.30706808917252215,0
s0114,femur_right,0.9123,0.7070838940073302,0.8574403538456234,0.8903881859882962,0.18330429198096598,0
s0114,gluteus_maximus_left,0.7519,0.791264277203464,0.8931067444116588,0.9306706586304376,0.1394063814269736,0
s0114,gluteus_maximus_right,0.7304,0.855510088005836,0.8784214620467672,0.9265050190877645,0.07099493108192856,0
s0114,gluteus_medius_left,0.8694,0.62286908502926,0.8075182172682713,0.885852961477546,0.262983876448286,1
s0114,gluteus_medius_right,0.8742,0.6679471198225656,0.8228997250426637,0.890436262624114,0.2224891428015484,1
s0114,gluteus_minimus_left,0.8522,0.41651136149148177,0.6384940983066235,0.8074196412251937,0.39090827973371195,0
s0114,gluteus_minimus_right,0.8285,0.4049231110502754,0.6733208540854644,0.8080296331486715,0.4031065220983961,0
s0114,hip_left,0.8824,0.6975337263589327,0.8352726139937753,0.8901942489844563,0.19266052262552358,1
s0114,hip_right,0.8914,0.7301970743901391,0.7679860836556177,0.8382374642763472,0.10804038988620801,0
s0114,iliac_artery_left,0.0,0.05510937916590592,0.006424620843304227,0.17004228650308575,0.11493290733717984,0
s0114,iliac_vena_left,0.1148,0.0493879792349929,0.0,0.13844280621301075,0.08905482697801785,1
s0114,iliac_vena_right,0.1851,0.08531212606693586,0.1486442818439791,0.27047005131584423,0.18515792524890837,1
s0114,iliopsoas_left,0.8409,0.7430290273404825,0.8250909719380739,0.892740178182862,0.14971115084237951,1
s0114,iliopsoas_right,0.8058,0.7379352591435104,0.7724095802121924,0.8898628716894427,0.15192761254593223,1
s0114,intervertebral_discs,0.5718,0.4571422746402287,0.5411011232511815,0.7639299274711598,0.3067876528309311,1
s0114,sacrum,0.824,0.7995794587933475,0.833544042151796,0.8904788100255164,0.09089935123216897,1
s0114,small_bowel,0.7325,0.7266573430652752,0.8171406861039189,0.8834124062878439,0.1567550632225687,1
s0114,spinal_cord,0.8536,0.5508760863060558,0.7501710969596503,0.8280528848109076,0.2771767985048518,0
s0114,urinary_bladder,0.8952,0.5083067967256478,0.7502836706653284,0.8534780890772206,0.34517129235157273,0
s0114,vertebrae,0.6551,0.3964069512334372,0.5701118539835457,0.770511155237152,0.37410420400371475,1
s0537,brain,0.9734,0.946892694811693,0.9724856700103961,0.9762126868242978,0.029319992012604823,1
s0348,adrenal_gland_left,0.0,0.005001170251017394,0.38883469963593886,0.6329082637559401,0.6279070935049227,0
s0348,aorta,0.8362,0.7108707250595615,0.7574686640843813,0.8423117279993546,0.1314410029397931,1
s0348,autochthon_left,0.9445,0.9069399174253281,0.9514988996153125,0.9438748383427433,0.03693492091741524,0
s0348,autochthon_right,0.9376,0.9219211946571435,0.9541552402514455,0.9450221207141046,0.023100926056961124,1
s0348,colon,0.7323,0.5622545806837369,0.7769757871549445,0.82477817760822,0.2625235969244831,1
s0348,duodenum,0.6759,0.3338021034356827,0.5208139145158451,0.6791669862719715,0.3453648828362888,1
s0348,gluteus_maximus_left,0.8723,0.15822359591894558,0.6601930576904674,0.771146775000604,0.6129231790816585,0
s0348,gluteus_maximus_right,0.8844,0.4821457600743467,0.7416277332426371,0.8349532604730798,0.35280750039873315,0
s0348,gluteus_medius_left,0.9127,0.46142139900873064,0.811792114101715,0.8830372731685949,0.4216158741598643,0
s0348,gluteus_medius_right,0.9214,0.5083631208371726,0.8114618981131441,0.889193361651498,0.38083024081432537,0
s0348,gluteus_minimus_left,0.0,0.002406939363121752,0.14998557185398312,0.5263010663897865,0.5238941270266647,0
s0348,gluteus_minimus_right,0.8192,0.10404786364050998,0.4220821559292814,0.633492348036728,0.529444484396218,0
s0348,hip_left,0.8818,0.4421754434495131,0.7680340162936719,0.8575401387859033,0.4153646953363902,0
s0348,hip_right,0.8818,0.5563041228184685,0.7903992721100398,0.8533835869247755,0.2970794641063069,0
s0348,iliac_artery_left,0.7879,0.4064015871245631,0.6024777696985631,0.7130738440046113,0.3066722568800482,0
s0348,iliac_artery_right,0.6346,0.26948224095827267,0.4997131367899145,0.5854290182908762,0.31594677733260357,0
s0348,iliac_vena_left,0.5369,0.2979052866141452,0.2951135100210177,0.6857348870687067,0.38782960045456144,1
s0348,iliac_vena_right,0.5875,0.6134789247503352,0.7106085170665336,0.7813096743863066,0.16783074963597144,0
s0348,iliopsoas_left,0.9073,0.7808968544065829,0.8269552700722496,0.8986077333927914,0.11771087898620858,0
s0348,iliopsoas_right,0.9215,0.694154721935427,0.7271007702239148,0.8578900303863815,0.1637353084509544,0
s0348,inferior_vena_cava,0.3921,0.3726160307202189,0.6384337093547061,0.7261951896744929,0.353579158954274,1
s0348,intervertebral_discs,0.8477,0.8165128444180922,0.7690693325600041,0.8471230004446094,0.030610156026517177,0
s0348,kidney_left,0.8059,0.632737574114982,0.7730449419193605,0.8598977563384375,0.22716018222345546,1
s0348,kidney_right,0.654,0.5783225218241326,0.7968068663792247,0.8746659159315644,0.2963433941074318,1
s0348,liver,0.4144,0.017570538741579784,0.22631374138120236,0.5086312022731161,0.4910606635315363,1
s0348,pancreas,0.0,0.012494683548048197,0.2237512753161423,0.4886846199207088,0.4761899363726606,0
s0348,sacrum,0.7491,0.6545324606534034,0.7983324893701246,0.8661316001313074,0.21159913947790399,1
s0348,small_bowel,0.5354,0.5945760348433261,0.770343182369443,0.8251360314407575,0.23055999659743143,0
s0348,spinal_cord,0.867,0.811859243512834,0.8588981680377117,0.8811595153190204,0.06930027180618636,1
s0348,spleen,0.0,0.056864389171319266,0.4571511530682303,0.6841102517398447,0.6272458625685254,0
s0348,stomach,0.0489,0.0338756622716402,0.20745288143959031,0.5331281440137343,0.49925248174209413,1
s0348,vertebrae,0.8999,0.7188466621767726,0.8314853826804008,0.861544742094243,0.1426980799174704,0
s0100,aorta,0.0,0.09477005167644155,0.23531039701841097,0.5079368590870963,0.41316680741065476,0
s0100,autochthon_left,0.2155,0.47151932244745726,0.6939460220270524,0.8636902628588459,0.3921709404113886,0
s0100,autochthon_right,0.1786,0.2712731487731765,0.6139373993265501,0.7856874825096724,0.5144143337364959,0
s0100,colon,0.0,0.02290146960962094,0.0744476092529484,0.30306557363245495,0.28016410402283404,0
s0100,iliac_artery_right,0.0,0.0,0.0390959038901564,0.3675922304812024,0.3675922304812024,1
s0100,iliac_vena_left,0.0,0.004217707563585121,0.0,0.35864058147276806,0.3544228739091829,0
s0100,iliopsoas_left,0.182,0.09331944734591194,0.4667671495686438,0.6478117762580284,0.5544923289121165,1
s0100,iliopsoas_right,0.3905,0.2525302724501139,0.5337671023664535,0.734367553355987,0.48183728090587313,1
s0100,inferior_vena_cava,0.0,0.06754992124600617,0.17698166200212453,0.5745595589354477,0.5070096376894415,0
s0100,intervertebral_discs,0.8168,0.535217170446388,0.6920779360044242,0.8038246508586339,0.2686074804122459,0
s0100,sacrum,0.8392,0.7035748500845054,0.8250808965148937,0.8830506479470852,0.17947579786257983,1
s0100,spinal_cord,0.8684,0.6439233276588652,0.7143735604159545,0.8343452157640671,0.1904218881052019,0
s0100,vertebrae,0.8717,0.7757223660271094,0.8027642553201584,0.8623017989311444,0.08657943290403503,0
s0038,adrenal_gland_right,0.5242,0.28718851026926445,0.46353741366530055,0.6900185602131087,0.40283004994384425,1
s0038,autochthon_right,0.2732,0.2899949837830044,0.5998895574840142,0.8110950910552341,0.5211001072722297,0
s0038,colon,0.2792,0.3872177662340242,0.6924472585361208,0.8846708301075125,0.49745306387348825,0
s0038,duodenum,0.0,0.016571516163750008,0.23389488688836613,0.41241534466459795,0.3958438285008479,0
s0038,gallbladder,0.0,6.37407652583502e-20,0.0,0.3336092274096891,0.3336092274096891,0
s0038,iliopsoas_right,0.1376,0.27121198921962103,0.7296665338017505,0.8336066461315281,0.5623946569119072,0
s0038,inferior_vena_cava,0.0,0.26270423647352936,0.4969352473552214,0.7462405566495535,0.4835363201760241,0
s0038,intervertebral_discs,0.2954,0.08058217376317237,0.21143261824977214,0.5513194694044911,0.4707372956413187,1
s0038,kidney_right,0.8794,0.8454366701853049,0.8329026104499553,0.9199654304425149,0.07452876025721,1
s0038,liver,0.8418,0.7142962507115441,0.8300002089927937,0.9152058795185181,0.20090962880697394,1
s0038,portal_vein_and_splenic_vein,0.0,0.1493402937219922,0.5382879019060034,0.7413541782825671,0.5920138845605749,0
s0038,small_bowel,0.0,0.03054268778296928,0.21713234620419797,0.4111103908862296,0.3805677031032603,0
s0038,vertebrae,0.2757,0.06654968512591868,0.29212528796373033,0.5802780607444876,0.513728375618569,1
s0024,adrenal_gland_left,0.2723,0.1446902673574352,0.3304755600415762,0.5222472206450829,0.3775569532876477,1
s0024,adrenal_gland_right,0.2791,0.245424425288589,0.48987124295227596,0.6296457429354297,0.38422131764684075,1
s0024,aorta,0.1297,0.7559842375395004,0.806495161016753,0.8171256863020266,0.06114144876252625,0
s0024,autochthon_left,0.788,0.8763234313667524,0.8874420242716632,0.9081182556662053,0.031794824299452906,0
s0024,autochthon_right,0.8203,0.8748432748921053,0.8899628409393331,0.9012620667994041,0.02641879190729879,0
s0024,colon,0.6931,0.6534341335613045,0.7639254372417044,0.8474097318439936,0.19397559828268907,1
s0024,duodenum,0.5791,0.45254945429050136,0.7145456939641267,0.716688498607112,0.26413904431661067,1
s0024,esophagus,0.6204,0.6463338835535709,0.6240390920506605,0.7817397087402526,0.13540582518668165,0
s0024,heart,0.8115,0.5865044379176146,0.6995238885450654,0.8693031038304714,0.28279866591285674,1
s0024,iliopsoas_left,0.0,4.966961553280304e-20,0.0,0.4164802057194489,0.4164802057194489,0
s0024,inferior_vena_cava,0.7257,0.506731817131343,0.7169954903398683,0.7727032652190307,0.2659714480876877,1
s0024,intervertebral_discs,0.7189,0.6927107722021547,0.7599723374357232,0.7842113833792952,0.09150061117714048,1
s0024,kidney_left,0.9094,0.8872313501504692,0.8910798824426149,0.8940595347713232,0.006828184620853994,0
s0024,kidney_right,0.9325,0.8329072456402988,0.8806261633063497,0.9185070307621581,0.08559978512185928,0
s0024,liver,0.5973,0.8995769977518047,0.9055655444589459,0.9225154497017553,0.02293845194995059,0
s0024,lung_left,0.8818,0.8170098335815463,0.8193031115366715,0.8654591892850515,0.04844935570350517,0
s0024,lung_right,0.8256,0.5639946040216022,0.7118744922523734,0.7681839382466941,0.2041893342250919,0
s0024,pancreas,0.0,0.42313290910573953,0.4995047094505025,0.688062700657648,0.26492979155190843,0
s0024,portal_vein_and_splenic_vein,0.1825,0.09399528901803049,0.41399861304637015,0.5802002526625561,0.48620496364452565,1
s0024,small_bowel,0.0232,0.3736207243034767,0.6303533157652532,0.6327059237358053,0.25908519943232855,0
s0024,spinal_cord,0.8916,0.883916093711827,0.9004364577894312,0.8902872600663816,0.006371166354554592,0
s0024,spleen,0.8051,0.8896789968156638,0.9173258547576829,0.9238076016212601,0.03412860480559632,0
s0024,stomach,0.7102,0.7481809256768219,0.8310094965435434,0.858211563712915,0.11003063803609303,0
s0024,vertebrae,0.8118,0.7719384536152033,0.7691595011018705,0.8301025328350339,0.05816407921983058,1
s0175,adrenal_gland_right,0.0,0.0013449622504857791,0.10954938698525567,0.33226036238093104,0.33091540013044524,0
s0175,aorta,0.8592,0.7984616367322818,0.7989868710372559,0.8907621686703006,0.09230053193801879,1
s0175,autochthon_left,0.8994,0.7998967573592242,0.8250378637250395,0.9075193332470464,0.1076225758878222,1
s0175,autochthon_right,0.9048,0.796975362662515,0.866436939204238,0.9352086915017771,0.1382333288392621,1
s0175,brain,0.9648,0.910817249816237,0.9269434929309256,0.957247797181679,0.04643054736544194,0
s0175,clavicula_left,0.6393,0.13140353156949913,0.46649538174613825,0.6914657843160629,0.5600622527465637,1
s0175,clavicula_right,0.6036,0.3475067452882508,0.567638348926763,0.6948151903007668,0.34730844501251595,1
s0175,colon,0.7939,0.49672951192132175,0.6955818571689294,0.8090453571244905,0.3123158452031688,1
s0175,duodenum,0.181,0.06289704992266697,0.19169521193493982,0.25456726325175216,0.19167021332908518,1
s0175,esophagus,0.7506,0.6344854845145639,0.7309006766831287,0.7945923195556512,0.16010683504108736,1
s0175,femur_left,0.8693,0.8581928051499458,0.8059698374441553,0.9099738392748581,0.051781034124912306,1
s0175,femur_right,0.8699,0.7532366213004575,0.8470629008665349,0.9189979342313092,0.1657613129308516,1
s0175,gluteus_maximus_left,0.9105,0.8181313433986628,0.8762603154917974,0.9365085377055289,0.11837719430686611,1
s0175,gluteus_maximus_right,0.8889,0.7839292869419658,0.8694039220662633,0.9365331129145434,0.1526038259725776,1
s0175,gluteus_medius_left,0.9135,0.7282814940459414,0.8607171524224723,0.8753013200011224,0.14701982595518093,0
s0175,gluteus_medius_right,0.9245,0.6832259092349952,0.8258232469034973,0.8614265693979585,0.17820066016296332,0
s0175,gluteus_minimus_left,0.8653,0.42321028985963316,0.7865595756232303,0.834915727842805,0.41170543798317183,0
s0175,gluteus_minimus_right,0.8845,0.5553279883533092,0.8293072046909289,0.8192506627934366,0.2639226744401274,0
s0175,heart,0.857,0.8947628403527176,0.8957562426759186,0.9295548962708754,0.034792055918157816,0
s0175,hip_left,0.8271,0.7574576776370353,0.7237629632122248,0.8820079566816751,0.12455027904463978,1
s0175,hip_right,0.8094,0.7125955973828719,0.7217743613324917,0.8570080551279469,0.14441245774507494,1
s0175,humerus_left,0.6644,0.31760688846428314,0.7025257894287229,0.7674956073093802,0.449888718845097,1
s0175,humerus_right,0.611,0.5864398673425878,0.6687824672664989,0.8153916195283953,0.22895175218580754,1
s0175,iliac_artery_left,0.6176,0.17600899745978948,0.48312270271624314,0.6106820488351316,0.43467305137534207,0
s0175,iliac_artery_right,0.5038,0.11693614466926627,0.39254489679461624,0.4950960692745737,0.37815992460530745,0
s0175,iliac_vena_left,0.5872,0.1946022041918948,0.46094150508880355,0.6504332347093362,0.45583103051744145,1
s0175,iliac_vena_right,0.6978,0.4165591294258253,0.7029059847214525,0.7366872661529227,0.3201281367270974,1
s0175,iliopsoas_left,0.8457,0.7391506156876632,0.7097072380296319,0.8487766337540777,0.10962601806641459,1
s0175,iliopsoas_right,0.8673,0.719202808721199,0.7570470428534486,0.9097349529784406,0.19053214425724163,1
s0175,inferior_vena_cava,0.5495,0.6697358688942016,0.7842436477269661,0.8372702283142925,0.16753435942009098,0
s0175,intervertebral_discs,0.6503,0.5997700481910849,0.6472527285505072,0.7676980757603359,0.16792802756925096,1
s0175,kidney_left,0.4413,0.7603161489871986,0.8449619350938852,0.8537726560892107,0.09345650710201214,0
s0175,kidney_right,0.7272,0.6993641362206259,0.8651856967078226,0.8598931228388605,0.16052898661823467,1
s0175,liver,0.8367,0.8821430136333178,0.8849320816564529,0.9044116818230947,0.022268668189776908,0
s0175,lung_left,0.9532,0.9193397331510587,0.9624946819903,0.9320395970107967,0.012699863859738092,0
s0175,lung_right,0.9722,0.9561604267025592,0.9753705328151592,0.973373494297903,0.0172130675953438,1
s0175,pancreas,0.2684,0.3036444011790192,0.6236883693322322,0.6930839451653468,0.3894395439863276,0
s0175,portal_vein_and_splenic_vein,0.4541,0.20148606572037633,0.2390808175169876,0.4316088314053136,0.23012276568493725,0
s0175,prostate,0.463,0.2817040542029316,0.19132738022575732,0.532030235209765,0.2503261810068334,1
s0175,sacrum,0.7508,0.7340758780825244,0.8310129237706757,0.8632016486524045,0.12912577056988006,1
s0175,scapula_left,0.4791,0.2770890257021309,0.5839526744715052,0.6897580856246623,0.41266905992253144,1
s0175,scapula_right,0.5072,0.4696164399456993,0.6304921096992724,0.688393549975665,0.21877711002996575,1
s0175,small_bowel,0.5898,0.6754720255216168,0.7661149263925414,0.8574898864448245,0.1820178609232077,0
s0175,spinal_cord,0.2912,0.7787405601635042,0.6854102865738927,0.8427533797855858,0.06401281962208161,0
s0175,spleen,0.6291,0.7943018670805643,0.8835497291734923,0.9053520164699173,0.11105014938935298,0
s0175,stomach,0.5285,0.7856991789738098,0.8799649103183688,0.8850874916317955,0.09938831265798564,0
s0175,urinary_bladder,0.9218,0.7519896653361723,0.8681946479869852,0.8908913119237154,0.13890164658754311,0
s0175,vertebrae,0.7345,0.6657841696122243,0.7333870715098865,0.8233593182548763,0.15757514864265199,1
s0505,aorta,0.9008,0.7357074060368052,0.8308918178135817,0.8624318662019992,0.126724460165194,0
s0505,clavicula_left,0.5061,0.046874091182589506,0.24932786318060327,0.48625438509508123,0.4393802939124917,0
s0505,clavicula_right,0.0,6.37407652583502e-20,0.0915428303701404,0.38591424315389994,0.38591424315389994,0
s0505,esophagus,0.2489,0.0394801777878296,0.1584325372206669,0.5476847255941462,0.5082045478063165,1
s0505,heart,0.7668,0.8705395781961083,0.8535170665271977,0.8899968687165754,0.019457290520467074,0
s0505,inferior_vena_cava,0.729,0.5433727453774486,0.6274093973260323,0.7677366051528658,0.22436385977541717,1
s0505,intervertebral_discs,0.7102,0.5157814902698696,0.5706647495304459,0.7585343365381374,0.24275284626826776,1
s0505,kidney_right,0.0,0.027024726962654216,0.38658640258535765,0.6340080770890203,0.6069833501263661,0
s0505,liver,0.9169,0.8960852084886729,0.9097635988461205,0.9273861370900696,0.03130092860139666,1
s0505,lung_left,0.9227,0.9002631284315973,0.9161094019063601,0.9434850736798209,0.04322194524822365,1
s0505,lung_right,0.9319,0.9236574706630797,0.9426789815923013,0.9484637268098179,0.02480625614673826,1
s0505,spinal_cord,0.7277,0.26976355505590843,0.3878254532515301,0.6084254105443928,0.3386618554884844,0
s0505,spleen,0.7819,0.5324816807622997,0.7081060384625064,0.7803052602070883,0.2478235794447886,0
s0505,stomach,0.8769,0.742328608113017,0.8185793207952812,0.9090802275663347,0.16675161945331762,1
s0505,vertebrae,0.8092,0.6457580689225578,0.8134512555495576,0.8490526057455782,0.20329453682302034,1
s0309,adrenal_gland_left,0.6881,0.27995154132398065,0.6634098474652855,0.6737515325510747,0.393799991227094,0
s0309,adrenal_gland_right,0.2702,0.17639028641036766,0.2660693256642542,0.42209189244453943,0.24570160603417177,1
s0309,aorta,0.9088,0.7149281452731581,0.8636411504257564,0.8627409264991764,0.14781278122601837,0
s0309,autochthon_left,0.931,0.9215871891955327,0.9361134129412245,0.9459280743068396,0.02434088511130683,1
s0309,autochthon_right,0.938,0.922415633908966,0.9365722972910162,0.9470276626080449,0.02461202869907897,1
s0309,colon,0.8557,0.657456626706302,0.7250992037442224,0.8249864319602791,0.1675298052539771,0
s0309,duodenum,0.5391,0.3518061772852666,0.5782215689000108,0.6806614326646658,0.32885525537939925,1
s0309,esophagus,0.6528,0.40850414903323196,0.5147780847928406,0.572075962264465,0.16357181323123304,0
s0309,gallbladder,0.9046,0.5371882700331626,0.6871325225688509,0.8677035657245575,0.33051529569139493,0
s0309,heart,0.9501,0.8307821661550467,0.9360785924736272,0.9629136262477167,0.13213146009266996,1
s0309,iliac_artery_left,0.0,3.2383056283837815e-20,0.04815831878143647,0.4584570270345848,0.4584570270345848,0
s0309,iliac_artery_right,0.0,0.00042259568634543177,0.13619536111610267,0.5810786560292591,0.5806560603429137,0
s0309,iliopsoas_left,0.926,0.8720513479463239,0.900872449199956,0.8899170419808606,0.01786569403453675,0
s0309,iliopsoas_right,0.8615,0.8554193243609035,0.8863245240093389,0.8850560529295354,0.029636728568631865,1
s0309,inferior_vena_cava,0.8122,0.7893047452862906,0.8082939396930982,0.8575675996847222,0.0682628543984316,1
s0309,intervertebral_discs,0.8882,0.7314632433249195,0.8200856787803422,0.8394844022431415,0.10802115891822195,0
s0309,kidney_left,0.9311,0.8667883612619067,0.8920710131111361,0.9170755425098686,0.05028718124796183,0
s0309,kidney_right,0.4049,0.44433981450706306,0.5313502572832705,0.754874041111315,0.3105342266042519,0
s0309,liver,0.9466,0.8787628783095583,0.9237959341891935,0.9596185637958057,0.08085568548624733,1
s0309,lung_left,0.9353,0.9638045306305963,0.9604859772884825,0.9991733331632984,0.035368802532702026,0
s0309,lung_right,0.9484,0.9451958511212734,0.9317158713066288,0.9816025307574453,0.036406679636171946,1
s0309,pancreas,0.8379,0.47473805176952233,0.5976077021823052,0.8128775098334077,0.33813945806388535,0
s0309,portal_vein_and_splenic_vein,0.7402,0.22226325210856368,0.6631389386393104,0.6946520778910343,0.47238882578247066,0
s0309,small_bowel,0.8137,0.7209034553672764,0.8422532246521921,0.878108604810616,0.15720514944333963,1
s0309,spinal_cord,0.8333,0.855390264866002,0.8440932818730805,0.8781248053856336,0.02273454051963164,0
s0309,spleen,0.9131,0.8673107178909912,0.8948953992038963,0.9275523469252103,0.060241629034219035,1
s0309,stomach,0.8929,0.7868587870561369,0.8944535425808494,0.9075471067517591,0.12068831969562221,1
s0309,vertebrae,0.8909,0.8281546717693142,0.8741225503727417,0.888939711976351,0.06078504020703679,0
s0459,autochthon_left,0.8046,0.8204252263380414,0.8632848925592231,0.8944012624302323,0.07397603609219094,0
s0459,autochthon_right,0.7203,0.7889575609563235,0.8478643329530489,0.9050291196771565,0.11607155872083297,0
s0459,colon,0.1713,0.3797363830026441,0.5407814301296902,0.6235138059616632,0.24377742295901905,0
s0459,gluteus_maximus_left,0.5124,0.5759227210549395,0.8201567351426216,0.883332168458715,0.3074094474037755,0
s0459,gluteus_maximus_right,0.7097,0.7159259514420593,0.8391301355337826,0.8999530169733536,0.18402706553129433,0
s0459,gluteus_medius_left,0.524,0.5064237560452506,0.7895769710510879,0.8735717586444699,0.3671480025992193,1
s0459,gluteus_medius_right,0.3339,0.61903465040935,0.8531124472738713,0.8892120612179526,0.2701774108086026,0
s0459,gluteus_minimus_left,0.0,5.3795891840719083e-20,0.0,0.2702122213498676,0.2702122213498676,0
s0459,hip_left,0.7297,0.6279805397531241,0.8094903207437057,0.8542963835938073,0.22631584384068326,1
s0459,hip_right,0.78,0.7747975735753592,0.7649512499916429,0.8606698545240677,0.08587228094870858,1
s0459,iliac_artery_left,0.0,0.002891391425940502,0.17595047120330212,0.3536290580163991,0.3507376665904586,0
s0459,iliac_artery_right,0.0,0.02113482891065732,0.09867654681469125,0.3862993607668751,0.3651645318562178,0
s0459,iliac_vena_left,0.4927,0.20251495115999063,0.45452988652279114,0.6970857494686943,0.49457079830870365,1
s0459,iliac_vena_right,0.4404,0.11921124263376356,0.46556755806880856,0.7418256220553645,0.6226143794216009,1
s0459,iliopsoas_left,0.1797,0.5072359205730305,0.8090552293157236,0.8836719815356882,0.3764360609626577,0
s0459,iliopsoas_right,0.2456,0.5396590036622079,0.6576284517229667,0.8255702913711178,0.28591128770890994,0
s0459,intervertebral_discs,0.6864,0.4734715660170036,0.6738645839836872,0.7719267079284469,0.2984551419114433,1
s0459,sacrum,0.7176,0.841969883666026,0.8300609665314339,0.8986088389717564,0.056638955305730376,0
s0459,small_bowel,0.0,0.0658611323756564,0.16900833768592863,0.675453700586285,0.6095925682106286,0
s0459,spinal_cord,0.7139,0.49026767310340474,0.6885805600185189,0.7942577075272534,0.3039900344238487,1
s0459,vertebrae,0.2476,0.21598054059227395,0.523791870795745,0.727761501508753,0.511780960916479,1
s0342,adrenal_gland_left,0.742,0.49510859708671734,0.6164035358847593,0.6903402974557508,0.19523170036903342,0
s0342,adrenal_gland_right,0.711,0.4138795783703331,0.6941958637566501,0.7050645819398116,0.29118500356947846,0
s0342,aorta,0.807,0.7844026723894076,0.782422757540946,0.8335939103365262,0.04919123794711855,1
s0342,autochthon_left,0.9034,0.8628985428738076,0.9353252128082201,0.9429685933113451,0.08007005043753745,1
s0342,autochthon_right,0.8704,0.8682629208807315,0.9039141510310422,0.9270393897977721,0.05877646891704058,1
s0342,colon,0.8565,0.6249380132779452,0.722192850449109,0.8435962607946553,0.21865824751671015,0
s0342,duodenum,0.7484,0.4859869812387431,0.6447584389823562,0.7466395801827029,0.2606525989439598,0
s0342,esophagus,0.7799,0.2806741989212079,0.6369056616138674,0.7138469979554214,0.4331727990342135,0
s0342,gallbladder,0.8235,0.466184554489052,0.6942727809086455,0.8420642039018776,0.37587964941282564,1
s0342,gluteus_maximus_left,0.0,0.44061520065610604,0.6987299267753161,0.7915903304724371,0.35097512981633106,0
s0342,gluteus_maximus_right,0.0,0.4808569845124967,0.5369983659944176,0.8070846270892578,0.32622764257676107,0
s0342,gluteus_medius_left,0.0,0.3331893861777509,0.7449922127033319,0.8381103593129178,0.5049209731351669,0
s0342,gluteus_medius_right,0.0,0.5103749086739522,0.6866702490625197,0.8037884703829775,0.29341356170902533,0
s0342,heart,0.82,0.8607090510828014,0.9024849277456477,0.9185367729056493,0.0578277218228479,0
s0342,hip_left,0.783,0.6104288616771611,0.6930000640836316,0.819681326661928,0.2092524649847668,1
s0342,hip_right,0.4736,0.34255415742542933,0.5979350586658605,0.686977066431706,0.34442290900627665,1
s0342,iliac_artery_left,0.871,0.3559100781264191,0.47242717184968014,0.6539296500048616,0.29801957187844247,0
s0342,iliac_artery_right,0.7841,0.4383535088715476,0.680636374328996,0.7584499127504977,0.32009640387895005,0
s0342,iliac_vena_left,0.789,0.27666101041886304,0.6292491054618383,0.7184239329643984,0.4417629225455354,0
s0342,iliac_vena_right,0.755,0.4388434451043152,0.7042122564792255,0.80350367011198,0.36466022500766476,1
s0342,iliopsoas_left,0.9106,0.6968212049266466,0.8570611040930967,0.8909267435042296,0.19410553857758306,0
s0342,iliopsoas_right,0.8805,0.7866905266467564,0.8253915006828262,0.8612353143080814,0.074544787661325,0
s0342,inferior_vena_cava,0.7164,0.70297537701217,0.8190813105827133,0.8643416313382707,0.16136625432610063,1
s0342,intervertebral_discs,0.8057,0.6997788808811466,0.7655345538507948,0.8255841104097411,0.12580522952859452,1
s0342,kidney_left,0.9204,0.8439538046937274,0.9292156601609576,0.9264961646956905,0.08254236000196313,1
s0342,kidney_right,0.9412,0.836366888605458,0.8481326783232004,0.9170139407929403,0.08064705218748225,0
s0342,liver,0.9635,0.893440968852802,0.9143382459575513,0.9584849669063692,0.0650439980535672,0
s0342,lung_left,0.8847,0.8868314502895567,0.8992532290413268,0.9137387842157353,0.02690733392617861,0
s0342,lung_right,0.9183,0.919813337188416,0.963799518705768,0.9754144427600221,0.055601105571606135,0
s0342,pancreas,0.7685,0.5685251821929866,0.7499225731332999,0.8600818642299971,0.29155668203701046,1
s0342,portal_vein_and_splenic_vein,0.748,0.42840721052094166,0.6073581805163424,0.6368570404329462,0.20844982991200456,0
s0342,sacrum,0.6398,0.524738077344379,0.7511025799373201,0.8383590108661397,0.3136209335217607,1
s0342,small_bowel,0.7357,0.6268859611557865,0.733852217655972,0.8247261579935945,0.19784019683780796,1
s0342,spinal_cord,0.7374,0.6207929805902561,0.6985049495561709,0.7924782499664018,0.1716852693761457,1
s0342,spleen,0.9217,0.7546377519263273,0.8592608984804073,0.8893391806088629,0.13470142868253554,0
s0342,stomach,0.9261,0.8454471646883689,0.8965173460051441,0.8959990450517131,0.05055188036334424,0
s0342,vertebrae,0.8095,0.8196193966543833,0.8369511842746531,0.8926007508964467,0.07298135424206342,0
s0002,adrenal_gland_left,0.1,0.053825709815807005,0.33102699286381265,0.5104775958190835,0.45665188600327644,1
s0002,adrenal_gland_right,0.4185,0.3335908268793418,0.6118095520475356,0.6824648096591693,0.34887398277982756,1
s0002,aorta,0.6104,0.5210604723483712,0.6281876836937523,0.7234716365253625,0.20241116417699134,1
s0002,autochthon_left,0.897,0.8597205725851604,0.9149077734510144,0.9332570451461515,0.07353647256099105,1
s0002,autochthon_right,0.8303,0.8706103302085131,0.9229871751661969,0.9224884559572112,0.0518781257486981,0
s0002,colon,0.5879,0.7495608046714969,0.7892044791073648,0.8403387712834278,0.09077796661193094,0
s0002,duodenum,0.1013,0.2522537218043242,0.2666120963580901,0.5159570928254986,0.2637033710211744,0
s0002,esophagus,0.6136,0.5605426010893823,0.5380911579415754,0.6699579606589834,0.10941535956960113,1
s0002,heart,0.8789,0.9210850462873664,0.9197178867082336,0.9460460492548158,0.02496100296744941,0
s0002,iliopsoas_left,0.6684,0.372978915510528,0.7743967718938085,0.7972540772239824,0.4242751617134545,1
s0002,iliopsoas_right,0.6282,0.5205235856904632,0.783798958606319,0.8449267846947532,0.32440319900429004,1
s0002,inferior_vena_cava,0.0854,0.1600241677536269,0.20193833993083588,0.5056089525456846,0.3455847847920577,0
s0002,intervertebral_discs,0.7672,0.6521829294764567,0.7251977819568708,0.8184479783094837,0.16626504883302695,1
s0002,kidney_left,0.9214,0.8403675458734045,0.895997122965851,0.9189107883480812,0.0785432424746767,0
s0002,kidney_right,0.9128,0.8184786413075508,0.8773929406177272,0.9167882873124813,0.09830964600493053,1
s0002,liver,0.8858,0.9123011501056556,0.9474987080140173,0.9267778243205665,0.014476674214910945,0
s0002,lung_left,0.9291,0.8908703079568228,0.9516645917974003,0.9480696531899053,0.057199345233082566,1
s0002,lung_right,0.911,0.8966809024149177,0.9478910757196197,0.9384620203376649,0.04178111792274719,1
s0002,pancreas,0.0363,0.5030644089465517,0.6485825903436506,0.7216591731191521,0.21859476417260038,0
s0002,portal_vein_and_splenic_vein,0.0161,0.39005004453687053,0.6500866361482682,0.615990104825234,0.22594006028836344,0
s0002,small_bowel,0.2913,0.6862734891426994,0.7640418836966655,0.8564549350890159,0.17018144594631657,0
s0002,spinal_cord,0.8977,0.8432956852530689,0.8699818848397926,0.8773556366234722,0.034059951370403296,0
s0002,spleen,0.879,0.7951087396719613,0.8742211707688656,0.9108522668881487,0.11574352721618741,1
s0002,stomach,0.2367,0.4543490502053387,0.6099901825461885,0.7560441009045072,0.3016950506991685,0
s0002,vertebrae,0.8333,0.7768210041200153,0.7838883384681543,0.8227274712745593,0.04590646715454394,0
s0015,adrenal_gland_left,0.5708,0.5625209824778854,0.8086760543668794,0.8023754263236754,0.23985444384579002,1
s0015,aorta,0.8417,0.6504088810396104,0.7771760786078761,0.8616939662007952,0.21128508516118483,1
s0015,autochthon_left,0.9389,0.9255092975128838,0.9216745235078975,0.9375353913670877,0.012026093854203945,0
s0015,autochthon_right,0.9364,0.905658092550818,0.916787384216452,0.9305138863275281,0.0248557937767101,0
s0015,colon,0.818,0.6756414702404403,0.7776627108525809,0.8844251482481491,0.2087836780077088,1
s0015,duodenum,0.027,0.1575101437026363,0.30381874111949925,0.535451199544508,0.37794105584187176,0
s0015,gallbladder,0.7102,0.7033138305777208,0.8555079767199911,0.8825086118170667,0.17919478123934596,1
s0015,gluteus_medius_left,0.5899,0.16345302088912675,0.3508086872494889,0.7509090844736866,0.5874560635845599,1
s0015,gluteus_medius_right,0.8879,0.4266928965726718,0.7155572509805674,0.8318338414889296,0.4051409449162578,0
s0015,hip_left,0.6414,0.28474906466567873,0.5890596973727884,0.815850019989323,0.5311009553236443,1
s0015,hip_right,0.6625,0.5807583927571905,0.7506150371834409,0.8127446711236773,0.23198627836648678,1
s0015,iliac_artery_left,0.7332,0.255960443676289,0.6558610494760564,0.6863342114423976,0.4303737677661086,0
s0015,iliac_artery_right,0.4249,0.03211641659811582,0.054715584690329264,0.36676280231433966,0.33464638571622385,0
s0015,iliac_vena_left,0.5184,0.038105142792384514,0.5364618496686592,0.6133077092247363,0.5752025664323518,1
s0015,iliac_vena_right,0.3973,0.10882121065762923,0.5010181058519639,0.5847130944078036,0.4758918837501744,1
s0015,iliopsoas_left,0.7142,0.8003746637392284,0.7535344084993978,0.8393087841509984,0.038934120411770023,0
s0015,iliopsoas_right,0.804,0.880876668026782,0.8614108188344165,0.8844842524168165,0.0036075843900345017,0
s0015,inferior_vena_cava,0.322,0.5460998963541731,0.7309641467930893,0.7323714429858509,0.18627154663167778,0
s0015,intervertebral_discs,0.8613,0.735672352900057,0.8074120665301047,0.8799088344562014,0.14423648155614444,1
s0015,kidney_left,0.2091,0.7692733692612121,0.7883814532769937,0.8490066652385101,0.07973329597729795,0
s0015,kidney_right,0.0,5.3795891840719083e-20,0.03139165198028979,0.26586145385871846,0.26586145385871846,0
s0015,liver,0.9133,0.9250370914747762,0.9073888909476171,0.9487386378914722,0.023701546416695973,0
s0015,lung_left,0.7613,0.719544537789328,0.7315343179818663,0.8358438692172087,0.11629933142788063,1
s0015,lung_right,0.8318,0.7732894332696738,0.6988471453345074,0.8513600243214033,0.07807059105172953,1
s0015,pancreas,0.3678,0.6086088423749692,0.7512807632806884,0.8159619665732655,0.20735312419829632,0
s0015,portal_vein_and_splenic_vein,0.4569,0.17586326081292297,0.14095926485032556,0.3766352487375291,0.20077198792460615,0
s0015,small_bowel,0.6803,0.5851473909938866,0.7336914967425305,0.8358598766283277,0.25071248563444115,1
s0015,spinal_cord,0.888,0.8139957981171584,0.8521757345838864,0.870170985868427,0.05617518775126862,0
s0015,spleen,0.9202,0.8622552529878196,0.9242767205309841,0.9301661622452467,0.06791090925742715,1
s0015,stomach,0.5614,0.6299921117139776,0.8323713401766355,0.8696767167297905,0.2396846050158129,0
s0015,vertebrae,0.886,0.8311833314200516,0.8504478132872596,0.9090318781875394,0.07784854676748776,1
s0143,adrenal_gland_left,0.6597,0.39287752817524507,0.6273417316745115,0.7794952885712835,0.3866177603960384,1
s0143,adrenal_gland_right,0.7535,0.3691733926492684,0.5390096048137539,0.6824173477877715,0.3132439551385031,0
s0143,aorta,0.8597,0.8054151799236191,0.8346964573243713,0.8693234508391428,0.06390827091552365,1
s0143,autochthon_left,0.9436,0.8448015777780821,0.932358605432465,0.9263151965228631,0.08151361874478102,0
s0143,autochthon_right,0.9441,0.8374907322988402,0.8920528442945398,0.9221399276435317,0.08464919534469151,0
s0143,colon,0.9102,0.6359463368763418,0.8413394353058786,0.8664691186332363,0.23052278175689445,0
s0143,duodenum,0.8839,0.7202123968037063,0.7553399949405413,0.8299820904717904,0.10976969366808409,0
s0143,esophagus,0.8358,0.7014142527775614,0.8025247204207432,0.8051711560491421,0.10375690327158071,0
s0143,gallbladder,0.891,0.5388277012890278,0.8383604057924899,0.8814802300256642,0.34265252873663643,0
s0143,heart,0.9521,0.894116819490207,0.920890758836458,0.9482209100348444,0.054104090544637384,0
s0143,iliopsoas_left,0.8679,0.8361908823199242,0.8184199630810637,0.8758646632868711,0.03967378096694685,1
s0143,iliopsoas_right,0.8729,0.8590347179245295,0.8429060064957151,0.8629812020638252,0.0039464841392957695,0
s0143,inferior_vena_cava,0.8375,0.7591345255460908,0.8468351399880649,0.8610113396755875,0.10187681412949667,1
s0143,intervertebral_discs,0.8809,0.663460660122865,0.7683318460129731,0.8087360125167027,0.1452753523938377,0
s0143,kidney_left,0.8753,0.6877455911595254,0.8580125921080994,0.8821155548712943,0.19436996371176896,1
s0143,kidney_right,0.8807,0.8022358555885158,0.8272371713959372,0.8891574366264166,0.08692158103790071,1
s0143,liver,0.9179,0.8161161090915117,0.9495903896045201,0.9616450785273506,0.14552896943583893,1
s0143,lung_left,0.9521,0.9320230465805923,0.9366837292022524,0.9502443370129676,0.018221290432375303,0
s0143,lung_right,0.9645,0.9278981872688236,0.9345690334670603,0.9494146428310766,0.021516455562253012,0
s0143,pancreas,0.445,0.6337491523371462,0.7513349153556704,0.8464325479079827,0.2126833955708365,0
s0143,portal_vein_and_splenic_vein,0.7235,0.45433847010112294,0.7415784720895033,0.7657171867089642,0.3113787166078412,1
s0143,small_bowel,0.8943,0.6592218457617376,0.81044663539821,0.8558887359703001,0.19666689020856254,0
s0143,spinal_cord,0.9055,0.8246013194827984,0.8431300229963085,0.8855924845471965,0.06099116506439817,0
s0143,spleen,0.9058,0.756997920964732,0.8741964900975444,0.9080586294938836,0.15106070852915165,1
s0143,stomach,0.9245,0.799786363110719,0.820247743266901,0.8772058232273076,0.07741946011658851,0
s0143,vertebrae,0.914,0.822236225218518,0.8404022974838727,0.8931631950021762,0.0709269697836582,0
s0367,adrenal_gland_left,0.7913,0.4114467527813859,0.7184618581160795,0.642572687630032,0.23112593484864602,0
s0367,adrenal_gland_right,0.7748,0.3576355419905406,0.6136688765134485,0.5651496198576607,0.20751407786712006,0
s0367,aorta,0.6712,0.5072314253205119,0.5033386519318167,0.6396719283396133,0.13244050301910137,0
s0367,autochthon_left,0.9195,0.6248800854477256,0.8630338863952559,0.9313797464443252,0.30649966099659964,1
s0367,autochthon_right,0.8819,0.6832276199165023,0.8886216461207439,0.9322454793647593,0.24901785944825705,1
s0367,colon,0.6437,0.37064381174295813,0.4498954214600767,0.7076816340143238,0.3370378222713657,1
s0367,duodenum,0.8072,0.545773082893516,0.6126099782133976,0.8226787899467943,0.2769057070532783,1
s0367,esophagus,0.7885,0.40500685697290806,0.6615681193982589,0.6489695640539925,0.24396270708108447,0
s0367,heart,0.898,0.6644201677796473,0.8565357794522195,0.946122765720778,0.28170259794113073,1
s0367,iliopsoas_left,0.6788,0.4296517744218731,0.4893827798290949,0.6279666590848859,0.19831488466301284,0
s0367,iliopsoas_right,0.8705,0.7097577972447179,0.8033373536165614,0.8076827898350456,0.09792499259032772,0
s0367,inferior_vena_cava,0.52,0.24400099795721442,0.4456103617015598,0.554952049396741,0.3109510514395266,1
s0367,intervertebral_discs,0.6903,0.634902513135472,0.5661236951939229,0.7358782421336135,0.10097572899814156,1
s0367,kidney_left,0.9192,0.5461615000892995,0.8330281090125109,0.8928486746610957,0.3466871745717962,0
s0367,kidney_right,0.9209,0.6827531282545573,0.8361807558533602,0.90837686362149,0.2256237353669327,0
s0367,liver,0.9373,0.899595812520479,0.932752125078543,0.9488645341095802,0.04926872158910112,1
s0367,lung_left,0.915,0.7362353705827253,0.8204881789161064,0.8959952088487978,0.15975983826607254,0
s0367,lung_right,0.9245,0.7524452959165279,0.8373827405028758,0.9302365989135913,0.17779130299706347,1
s0367,pancreas,0.5803,0.4334152496209459,0.6332729376950121,0.758983428648977,0.32556817902803115,1
s0367,portal_vein_and_splenic_vein,0.4324,0.26291231098782136,0.3381323274971258,0.5416032854595175,0.27869097447169616,1
s0367,small_bowel,0.8171,0.5235819642794295,0.6812807282859651,0.83077222689176,0.3071902626123305,1
s0367,spinal_cord,0.8872,0.7698938348337873,0.791047113745223,0.8331166484894172,0.06322281365562998,0
s0367,spleen,0.9193,0.6684541290602883,0.8128355793727232,0.9056902205838439,0.23723609152355551,0
s0367,stomach,0.866,0.5755395014256343,0.6846415100373625,0.8541781211294946,0.2786386197038604,0
s0367,vertebrae,0.821,0.7009404843955269,0.731643134463155,0.836201600428066,0.1352611160325391,1
s0042,adrenal_gland_left,0.7463,0.2816553095171971,0.6621549503152779,0.7846495746654535,0.5029942651482564,1
s0042,adrenal_gland_right,0.478,0.3039184688527771,0.5011735935039656,0.7786201963428911,0.474701727490114,1
s0042,aorta,0.839,0.8776934124481023,0.8765708785222163,0.8978503300333656,0.02015691758526328,0
s0042,autochthon_left,0.9479,0.9346726041258017,0.9322210721774312,0.9414088075453282,0.006736203419526521,0
s0042,autochthon_right,0.9443,0.913927701248096,0.9362629053460806,0.9411905266071717,0.02726282535907576,0
s0042,colon,0.8663,0.6384547644536643,0.7251556783485191,0.8350974421262631,0.1966426776725988,0
s0042,duodenum,0.799,0.6795463761482823,0.7719872118203297,0.8474291805470202,0.16788280439873793,1
s0042,gallbladder,0.8056,0.24403348175976733,0.6236824771805878,0.805065827707695,0.5610323459479276,0
s0042,iliac_artery_left,0.0,6.37407652583502e-20,0.0,0.26781719409122756,0.26781719409122756,0
s0042,iliopsoas_left,0.8753,0.8184276399923547,0.8604867621755796,0.8932649730713201,0.07483733307896545,1
s0042,iliopsoas_right,0.875,0.8146912253998735,0.8262717647003743,0.8826002425558811,0.06790901715600761,1
s0042,inferior_vena_cava,0.8285,0.6470053231937011,0.7429787797857305,0.8802408943095774,0.23323557111587634,1
s0042,intervertebral_discs,0.7289,0.6314043548406185,0.7203210174191627,0.7988815437270672,0.1674771888864487,1
s0042,kidney_left,0.9158,0.908556637729144,0.8514637898710206,0.9224130208928635,0.01385638316371951,1
s0042,kidney_right,0.9061,0.8813568171683455,0.8432321688592225,0.9184145053942482,0.03705768822590272,1
s0042,liver,0.8435,0.903119949874811,0.9087439133955489,0.9143525932452756,0.01123264337046459,0
s0042,lung_right,0.5993,0.02263374280247718,0.4966154494075038,0.6563944329500601,0.6337606901475829,1
s0042,pancreas,0.594,0.6590087514822963,0.7110151949414955,0.8384227584371069,0.17941400695481058,0
s0042,portal_vein_and_splenic_vein,0.8329,0.26897955535437157,0.6048063834110783,0.7781963015946973,0.5092167462403258,0
s0042,small_bowel,0.8894,0.8297897667133721,0.8359810305851576,0.8926482451871364,0.06285847847376425,1
s0042,spinal_cord,0.8384,0.8207634969797113,0.8656038327753403,0.8894558393403045,0.06869234236059318,1
s0042,spleen,0.8111,0.71283923591764,0.8304952856977345,0.8844203642769254,0.1715811283592854,1
s0042,stomach,0.7784,0.4371654886267353,0.6695973190228375,0.7941103628860299,0.35694487425929455,1
s0042,vertebrae,0.8294,0.7571891901973938,0.8282632045499126,0.8621556850256956,0.10496649482830178,1
s0395,clavicula_left,0.3533,0.2223113950432612,0.3752432190119892,0.6387919288013663,0.41648053375810506,1
s0395,humerus_left,0.8318,0.514280584825668,0.7239018300525171,0.8449148411169253,0.3306342562912573,1
s0395,scapula_left,0.4648,0.3786011889344155,0.5593118192647059,0.7229620656125552,0.34436087667813964,1
